Workbook

Sheet TAV 1
M1: KUR/PPB/FO-002
M2: Rev. 03 / 25 Juli 2025
A3: DAFTAR HADIR SISWA
A4: ( CATATAN HARIAN GURU DAN DAFTAR NILAI )
A5: SMK MUHAMMADIYAH 1 BANTUL
A6: KELAS : X TAV / TE
A8: MATA PELAJARAN :.................................................. | L8: SEMESTER :..................
A9: GURU MATA PELAJARAN :.................................................. | L9: TAHUN PELAJARAN : 2025/2026
A10: WALI AMANAH | C10: : Hendrian Nugroho, S.Pd
A11: NOMOR | C11: NAMA | D11: BULAN : | I11: JUMLAH | L11: Nilai Tugas Harian | Q11: Nilai KD
A12: URUT | B12: INDUK | I12: S | J12: I | K12: A | L12: 1 | M12: 2 | N12: 3 | O12: 4 | P12: 5
A13: 1 | B13: 14375 | C13: ARIF YUSUF MAULANA
A14: 2 | B14: 14376 | C14: AZRIEL GALANG NURKHOLIS
A15: 3 | B15: 14377 | C15: BAYU AJI NUGROHO
A16: 4 | B16: 14378 | C16: MAULANA QOLBI
A17: 5 | B17: 14379 | C17: MERLIN PUTRI RAMADHANI
A18: 6 | B18: 14380 | C18: MUHAMMAD AKBAR
A19: 7 | B19: 14381 | C19: MUHAMMAD HASBY
A20: 8 | B20: 14382 | C20: NANDA BAGUS DWI FIRMANSYAH
A21: 9 | B21: 14383 | C21: NIZA NARENDRA KARUNIA GUSTI
A22: 10 | B22: 14384 | C22: RAIZ PANJI SAPUTRO
A23: 11 | B23: 14385 | C23: RAZAQA ADITYA FAZA
A24: 12 | B24: 14386 | C24: RIDWAN MAULANA
A25: 13 | B25: 14387 | C25: VANO PUTRA PERDANA WIJAYA
A26: 14
A27: 15
A28: 16
A29: 17
A30: 18
A31: 19
A32: 20
A34: CATATAN HARIAN GURU | L34: Deskripsi Penilaian
A35: NO | B35: Tanggal | C35: Kegiatan Pembelajaran | D35: Materi Pembelajaran
A36: 1 | C36: Menerangkan/Diskusi/Tugas/Ujian*) | L36: 1
A37: 2 | C37: Menerangkan/Diskusi/Tugas/Ujian*) | L37: 2
A38: 3 | C38: Menerangkan/Diskusi/Tugas/Ujian*) | L38: 3
A39: 4 | C39: Menerangkan/Diskusi/Tugas/Ujian*) | L39: 4
A40: 5 | C40: Menerangkan/Diskusi/Tugas/Ujian*) | L40: 5
A41: Keterangan : | K41: Bantul,……………………………………….
A42: Penilaian diisikan setiap kali melakukan penilaian harian berupa tugas, tes tertulis, tes lisan, tes unjuk kerja atau portopolio ( Validasi setiap Bulan ) | K42: Guru Bidang Studi
A44: *) Pada kolom kegiatan pembelajaran coret yang tidak dilakukan, kegiatan pembelajaran bisa lebih dari satu kegiatan
K45: …………………………………………….
K46: NBM…………………………………….
A48: *) 15-jul-2025

Sheet TPM 1
M1: KUR/PPB/FO-002
M2: Rev. 03 / 25 Juli 2025
A3: DAFTAR HADIR SISWA
A4: ( CATATAN HARIAN GURU DAN DAFTAR NILAI )
A5: SMK MUHAMMADIYAH 1 BANTUL
A6: KELAS : X TPM 1 / TM 1
A8: MATA PELAJARAN :.................................................. | L8: SEMESTER :..................
A9: GURU MATA PELAJARAN :.................................................. | L9: TAHUN PELAJARAN : 2025/2026
A10: WALI AMANAH | C10: : Listyo Budiarto, S.Pd
A11: NOMOR | C11: NAMA | D11: BULAN : | I11: JUMLAH | L11: Nilai Tugas Harian | Q11: Nilai KD
A12: URUT | B12: INDUK | I12: S | J12: I | K12: A | L12: 1 | M12: 2 | N12: 3 | O12: 4 | P12: 5
A13: 1 | B13: 14388 | C13: ADNAN AS SYIFA CANDRA WIBAWA
A14: 2 | B14: 14389 | C14: AHMAD AFIQ MAULANA
A15: 3 | B15: 14390 | C15: ALFAREL FRIDZI NAUVALADI
A16: 4 | B16: 14391 | C16: ASYRAF AULIA RAHMAN
A17: 5 | B17: 14392 | C17: ATHAR AL FATIH IBROHIM
A18: 6 | B18: 14393 | C18: BAGAS ARDHI PANGESTU
A19: 7 | B19: 14394 | C19: BINTANG RADITHYA JAVAS NARARYA
A20: 8 | B20: 14395 | C20: BIRLIANZA GAHZY ARVEL ARISQI
A21: 9 | B21: 14396 | C21: CAESAR GANENDRA DEVLIN
A22: 10 | B22: 14397 | C22: FADLI SYAIFUDIN ILHAM
A23: 11 | B23: 14398 | C23: FAJAR DWI NUGROHO
A24: 12 | B24: 14399 | C24: FAREL ADITYA PRATAMA
... A41: 29 | B41: 14417 | C41: WAHIDIN IRYANSYAH PUTRO
A42: 30
A43: 31
A44: 32
A45: 33
A46: 34
A47: 35
A48: 36
A50: CATATAN HARIAN GURU | L50: Deskripsi Penilaian
A51: NO | B51: Tanggal | C51: Kegiatan Pembelajaran | D51: Materi Pembelajaran
A52: 1 | C52: Menerangkan/Diskusi/Tugas/Ujian*) | L52: 1
A53: 2 | C53: Menerangkan/Diskusi/Tugas/Ujian*) | L53: 2
A54: 3 | C54: Menerangkan/Diskusi/Tugas/Ujian*) | L54: 3
A55: 4 | C55: Menerangkan/Diskusi/Tugas/Ujian*) | L55: 4
A56: 5 | C56: Menerangkan/Diskusi/Tugas/Ujian*) | L56: 5
A57: Keterangan : | K57: Bantul,……………………………………….
A58: Penilaian diisikan setiap kali melakukan penilaian harian berupa tugas, tes tertulis, tes lisan, tes unjuk kerja atau portopolio ( Validasi setiap Bulan ) | K58: Guru Bidang Studi
A60: *) Pada kolom kegiatan pembelajaran coret yang tidak dilakukan, kegiatan pembelajaran bisa lebih dari satu kegiatan
K61: …………………………………………….
K62: NBM…………………………………….
A64: *) 1-sep-2025

Sheet TPM 2
M1: KUR/PPB/FO-002
M2: Rev. 03 / 25 Juli 2025
A3: DAFTAR HADIR SISWA
A4: ( CATATAN HARIAN GURU DAN DAFTAR NILAI )
A5: SMK MUHAMMADIYAH 1 BANTUL
A6: KELAS : X TPM 2 / TM 2
A8: MATA PELAJARAN :.................................................. | L8: SEMESTER :..................
A9: GURU MATA PELAJARAN :.................................................. | L9: TAHUN PELAJARAN : 2025/2026
A10: WALI AMANAH | C10: : Frendino Ary P, S.Pd.Jas
A11: NOMOR | C11: NAMA | D11: BULAN : | I11: JUMLAH | L11: Nilai Tugas Harian | Q11: Nilai KD
A12: URUT | B12: INDUK | I12: S | J12: I | K12: A | L12: 1 | M12: 2 | N12: 3 | O12: 4 | P12: 5
A13: 1 | B13: 14418 | C13: ADHITYA PRATAMA
A14: 2 | B14: 14419 | C14: AFLAH AL TAQI
A15: 3 | B15: 14420 | C15: AGUSTYAN PUTRA YUASTINO
A16: 4 | B16: 14421 | C16: AKHMAD MALIK MUSTOFA
A17: 5 | B17: 14422 | C17: ALIF MAULIDAN
A18: 6 | B18: 14423 | C18: ANANDA RIFANO SAPUTRA
A19: 7 | B19: 14424 | C19: ANJAR RIZKI SAPUTRO
A20: 8 | B20: 14425 | C20: ASSEGAF AMANAH SLAMET RAHARJO
A21: 9 | B21: 14426 | C21: BAGUS SUDARMANTO
A22: 10 | B22: 14427 | C22: BIMO FAJAR KUSUMA
A23: 11 | B23: 14428 | C23: DIMAS BAGUS TRISULA
A24: 12 | B24: 14429 | C24: FAJAR HERMAWAN
... A42: 30 | B42: 14447 | C42: WAKHID CAHYA PERMANA
A43: 31
A44: 32
A45: 33
A46: 34
A47: 35
A48: 36
A50: CATATAN HARIAN GURU | L50: Deskripsi Penilaian
A51: NO | B51: Tanggal | C51: Kegiatan Pembelajaran | D51: Materi Pembelajaran
A52: 1 | C52: Menerangkan/Diskusi/Tugas/Ujian*) | L52: 1
A53: 2 | C53: Menerangkan/Diskusi/Tugas/Ujian*) | L53: 2
A54: 3 | C54: Menerangkan/Diskusi/Tugas/Ujian*) | L54: 3
A55: 4 | C55: Menerangkan/Diskusi/Tugas/Ujian*) | L55: 4
A56: 5 | C56: Menerangkan/Diskusi/Tugas/Ujian*) | L56: 5
A57: Keterangan : | K57: Bantul,……………………………………….
A58: Penilaian diisikan setiap kali melakukan penilaian harian berupa tugas, tes tertulis, tes lisan, tes unjuk kerja atau portopolio ( Validasi setiap Bulan ) | K58: Guru Bidang Studi
A60: *) Pada kolom kegiatan pembelajaran coret yang tidak dilakukan, kegiatan pembelajaran bisa lebih dari satu kegiatan
K61: …………………………………………….
K62: NBM…………………………………….
A64: *) 22-jul-2025

Sheet TKR 1
M1: KUR/PPB/FO-002
M2: Rev. 03 / 25 Juli 2025
A3: DAFTAR HADIR SISWA
A4: ( CATATAN HARIAN GURU DAN DAFTAR NILAI )
A5: SMK MUHAMMADIYAH 1 BANTUL
A6: KELAS : X TKR 1 / TO 1
A8: MATA PELAJARAN :.................................................. | L8: SEMESTER :..................
A9: GURU MATA PELAJARAN :.................................................. | L9: TAHUN PELAJARAN : 2025/2026
A10: WALI AMANAH | C10: : Tanindra Wijananto, S.Pd
A11: NOMOR | C11: NAMA | D11: BULAN : | I11: JUMLAH | L11: Nilai Tugas Harian | Q11: Nilai KD
A12: URUT | B12: INDUK | I12: S | J12: I | K12: A | L12: 1 | M12: 2 | N12: 3 | O12: 4 | P12: 5
A13: 1 | B13: 14448 | C13: ADITYA RAIHAN OKTAFIANTO
A14: 2 | B14: 14449 | C14: ADLIG IRYA RAMADHAN
A15: 3 | B15: 14450 | C15: ALFIN ARUL DEKKA MAHENDRA
A16: 4 | B16: 14451 | C16: ANGGER NDARU MUSTAQIIM
A17: 5 | B17: 14452 | C17: ARYA WEDHA NOER MUNIP
A18: 6 | B18: 14453 | C18: AZKA ANDRA SAPUTRA
A19: 7 | B19: 14454 | C19: DAVA MUHAMAD CHARLY
A20: 8 | B20: 14455 | C20: DZAKY AHMAD ZAIDAN
A21: 9 | B21: 14456 | C21: FAIQUNA RIZQI
A22: 10 | B22: 14457 | C22: FALDHAN ARDIANSYAH
A23: 11 | B23: 14458 | C23: FATHIYAN GHAEZA RAFEF
A24: 12 | B24: 14459 | C24: FAUZ EGA RAMADHAN
... A43: 31 | B43: 14479 | C43: ZULFIKAR FADHIL ADYATAMA
A44: 32
A45: 33
A46: 34
A47: 35
A48: 36
A50: CATATAN HARIAN GURU | L50: Deskripsi Penilaian
A51: NO | B51: Tanggal | C51: Kegiatan Pembelajaran | D51: Materi Pembelajaran
A52: 1 | C52: Menerangkan/Diskusi/Tugas/Ujian*) | L52: 1
A53: 2 | C53: Menerangkan/Diskusi/Tugas/Ujian*) | L53: 2
A54: 3 | C54: Menerangkan/Diskusi/Tugas/Ujian*) | L54: 3
A55: 4 | C55: Menerangkan/Diskusi/Tugas/Ujian*) | L55: 4
A56: 5 | C56: Menerangkan/Diskusi/Tugas/Ujian*) | L56: 5
A57: Keterangan : | K57: Bantul,……………………………………….
A58: Penilaian diisikan setiap kali melakukan penilaian harian berupa tugas, tes tertulis, tes lisan, tes unjuk kerja atau portopolio ( Validasi setiap Bulan ) | K58: Guru Bidang Studi
A60: *) Pada kolom kegiatan pembelajaran coret yang tidak dilakukan, kegiatan pembelajaran bisa lebih dari satu kegiatan
K61: …………………………………………….
K62: NBM…………………………………….
A64: *) 1-sep-2025

Sheet TKR 2
M1: KUR/PPB/FO-002
M2: Rev. 03 / 25 Juli 2025
A3: DAFTAR HADIR SISWA
A4: ( CATATAN HARIAN GURU DAN DAFTAR NILAI )
A5: SMK MUHAMMADIYAH 1 BANTUL
A6: KELAS : X TKR 2 / TO 2
A8: MATA PELAJARAN :.................................................. | L8: SEMESTER :..................
A9: GURU MATA PELAJARAN :.................................................. | L9: TAHUN PELAJARAN : 2025/2026
A10: WALI AMANAH | C10: : Devan Alfianto, S.Pd
A11: NOMOR | C11: NAMA | D11: BULAN : | I11: JUMLAH | L11: Nilai Tugas Harian | Q11: Nilai KD
A12: URUT | B12: INDUK | I12: S | J12: I | K12: A | L12: 1 | M12: 2 | N12: 3 | O12: 4 | P12: 5
A13: 1 | B13: 14480 | C13: AFDHALUL IKHSAN RASHIF
A14: 2 | B14: 14481 | C14: AGUS DWI RIYANTO
A15: 3 | B15: 14482 | C15: AHMAD FARID PRASETYO
A16: 4 | B16: 14483 | C16: ALIAZA RASID
A17: 5 | B17: 14484 | C17: ALPIN CANDRA BAGASKARA
A18: 6 | B18: 14485 | C18: ANDIKA HENDRI HANSYAH
A19: 7 | B19: 14486 | C19: DAFA EZAR MUNARWAN SAPUTRA
A20: 8 | B20: 14487 | C20: DAFIN JUWIANANTA
A21: 9 | B21: 14488 | C21: DHIA ATHA RAMADHAN
A22: 10 | B22: 14489 | C22: DICKY FAHREIZY
A23: 11 | B23: 14807 | C23: DOKKA UMAROV ABDURAHMAN
A24: 12 | B24: 14490 | C24: DWI RIZIQI NUGROHO
... A46: 34 | B46: 14512 | C46: ZULANO FARIS HABIBI PUTRA
A47: 35
A48: 36
A50: CATATAN HARIAN GURU | L50: Deskripsi Penilaian
A51: NO | B51: Tanggal | C51: Kegiatan Pembelajaran | D51: Materi Pembelajaran
A52: 1 | C52: Menerangkan/Diskusi/Tugas/Ujian*) | L52: 1
A53: 2 | C53: Menerangkan/Diskusi/Tugas/Ujian*) | L53: 2
A54: 3 | C54: Menerangkan/Diskusi/Tugas/Ujian*) | L54: 3
A55: 4 | C55: Menerangkan/Diskusi/Tugas/Ujian*) | L55: 4
A56: 5 | C56: Menerangkan/Diskusi/Tugas/Ujian*) | L56: 5
A57: Keterangan : | K57: Bantul,……………………………………….
A58: Penilaian diisikan setiap kali melakukan penilaian harian berupa tugas, tes tertulis, tes lisan, tes unjuk kerja atau portopolio ( Validasi setiap Bulan ) | K58: Guru Bidang Studi
A60: *) Pada kolom kegiatan pembelajaran coret yang tidak dilakukan, kegiatan pembelajaran bisa lebih dari satu kegiatan
K61: …………………………………………….
K62: NBM…………………………………….
A64: *) 23-sep-2025

Sheet TKR 3
M1: KUR/PPB/FO-002
M2: Rev. 03 / 25 Juli 2025
A3: DAFTAR HADIR SISWA
A4: ( CATATAN HARIAN GURU DAN DAFTAR NILAI )
A5: SMK MUHAMMADIYAH 1 BANTUL
A6: KELAS : X TKR 3 / TO 3
A8: MATA PELAJARAN :.................................................. | L8: SEMESTER :..................
A9: GURU MATA PELAJARAN :.................................................. | L9: TAHUN PELAJARAN : 2025/2026
A10: WALI AMANAH | C10: : Eswantini, S.Pd
A11: NOMOR | C11: NAMA | D11: BULAN : | I11: JUMLAH | L11: Nilai Tugas Harian | Q11: Nilai KD
A12: URUT | B12: INDUK | I12: S | J12: I | K12: A | L12: 1 | M12: 2 | N12: 3 | O12: 4 | P12: 5
A13: 1 | B13: 14513 | C13: ADE IKHSAN MAHENDRA
A14: 2 | B14: 14514 | C14: AHMAD FASHIHULISAN
A15: 3 | B15: 14515 | C15: AHNAF RASYA WILIANSYAH
A16: 4 | B16: 14516 | C16: AL AFIQ
A17: 5 | B17: 14517 | C17: ARYA BIMA SAPUTRA
A18: 6 | B18: 14518 | C18: BAGAS SETIAWAN
A19: 7 | B19: 14519 | C19: DIAZ ADITYA RIZQI AKBAR
A20: 8 | B20: 14520 | C20: DZAKI CHESTA ADABI
A21: 9 | B21: 14521 | C21: EVAN FADHIL ARGANA
A22: 10 | B22: 14522 | C22: FIRMAN ANTONI
A23: 11 | B23: 14523 | C23: GHALIB AFFANDI
A24: 12 | B24: 14524 | C24: HIROSY VINNO PRATAMA
... A43: 31 | B43: 14543 | C43: YUDA RADITIA ROMADHON
A44: 32
A45: 33
A46: 34
A47: 35
A48: 36
A50: CATATAN HARIAN GURU | L50: Deskripsi Penilaian
A51: NO | B51: Tanggal | C51: Kegiatan Pembelajaran | D51: Materi Pembelajaran
A52: 1 | C52: Menerangkan/Diskusi/Tugas/Ujian*) | L52: 1
A53: 2 | C53: Menerangkan/Diskusi/Tugas/Ujian*) | L53: 2
A54: 3 | C54: Menerangkan/Diskusi/Tugas/Ujian*) | L54: 3
A55: 4 | C55: Menerangkan/Diskusi/Tugas/Ujian*) | L55: 4
A56: 5 | C56: Menerangkan/Diskusi/Tugas/Ujian*) | L56: 5
A57: Keterangan : | K57: Bantul,……………………………………….
A58: Penilaian diisikan setiap kali melakukan penilaian harian berupa tugas, tes tertulis, tes lisan, tes unjuk kerja atau portopolio ( Validasi setiap Bulan ) | K58: Guru Bidang Studi
A60: *) Pada kolom kegiatan pembelajaran coret yang tidak dilakukan, kegiatan pembelajaran bisa lebih dari satu kegiatan
K61: …………………………………………….
K62: NBM…………………………………….
A64: *) 23-jul-2025

Sheet TKR 4
M1: KUR/PPB/FO-002
M2: Rev. 03 / 25 Juli 2025
A3: DAFTAR HADIR SISWA
A4: ( CATATAN HARIAN GURU DAN DAFTAR NILAI )
A5: SMK MUHAMMADIYAH 1 BANTUL
A6: KELAS : X TKR 4 / TO 4
A8: MATA PELAJARAN :.................................................. | L8: SEMESTER :..................
A9: GURU MATA PELAJARAN :.................................................. | L9: TAHUN PELAJARAN : 2025/2026
A10: WALI AMANAH | C10: : Uswatun Hasanah, S.Pd.I
A11: NOMOR | C11: NAMA | D11: BULAN : | I11: JUMLAH | L11: Nilai Tugas Harian | Q11: Nilai KD
A12: URUT | B12: INDUK | I12: S | J12: I | K12: A | L12: 1 | M12: 2 | N12: 3 | O12: 4 | P12: 5
A13: 1 | B13: 14544 | C13: ABDUL MUHYI RIZZAH
A14: 2 | B14: 14545 | C14: AHMAD IKHSAN
A15: 3 | B15: 14546 | C15: AHMAT YASIR AL GHIFARI
A16: 4 | B16: 14547 | C16: ALVIN FEBRIANO TEGAR SETYAWAN
A17: 5 | B17: 14548 | C17: ANDI RIDHODWI FIRMANSYA
A18: 6 | B18: 14549 | C18: ANDRA RAMADHAN
A19: 7 | B19: 14550 | C19: ARFIAN RIZKY NUR RAMADHAN
A20: 8 | B20: 14551 | C20: AULIA MEIKA PUTRI ARSYA
A21: 9 | B21: 14552 | C21: AZZAKI KAMAL FIRDAUS
A22: 10 | B22: 14553 | C22: BANYU SATRIO NUGROHO
A23: 11 | B23: 14554 | C23: DENDRI ALPON BERTAK SYAH
A24: 12 | B24: 14555 | C24: DIKA PUTRA PRATAMA
... A46: 34 | B46: 14577 | C46: WAKHID SEPTIANWAR ROMADHAN
A47: 35
A48: 36
A50: CATATAN HARIAN GURU | L50: Deskripsi Penilaian
A51: NO | B51: Tanggal | C51: Kegiatan Pembelajaran | D51: Materi Pembelajaran
A52: 1 | C52: Menerangkan/Diskusi/Tugas/Ujian*) | L52: 1
A53: 2 | C53: Menerangkan/Diskusi/Tugas/Ujian*) | L53: 2
A54: 3 | C54: Menerangkan/Diskusi/Tugas/Ujian*) | L54: 3
A55: 4 | C55: Menerangkan/Diskusi/Tugas/Ujian*) | L55: 4
A56: 5 | C56: Menerangkan/Diskusi/Tugas/Ujian*) | L56: 5
A57: Keterangan : | K57: Bantul,……………………………………….
A58: Penilaian diisikan setiap kali melakukan penilaian harian berupa tugas, tes tertulis, tes lisan, tes unjuk kerja atau portopolio ( Validasi setiap Bulan ) | K58: Guru Bidang Studi
A60: *) Pada kolom kegiatan pembelajaran coret yang tidak dilakukan, kegiatan pembelajaran bisa lebih dari satu kegiatan
K61: …………………………………………….
K62: NBM…………………………………….
A64: *) 23-jul-2025

Sheet TKR 5
M1: KUR/PPB/FO-002
M2: Rev. 03 / 25 Juli 2025
A3: DAFTAR HADIR SISWA
A4: ( CATATAN HARIAN GURU DAN DAFTAR NILAI )
A5: SMK MUHAMMADIYAH 1 BANTUL
A6: KELAS : X TKR 5 / TO 5
A8: MATA PELAJARAN :.................................................. | L8: SEMESTER :..................
A9: GURU MATA PELAJARAN :.................................................. | L9: TAHUN PELAJARAN : 2025/2026
A10: WALI AMANAH | C10: : Ida Nuryanti, S.Pd
A11: NOMOR | C11: NAMA | D11: BULAN : | I11: JUMLAH | L11: Nilai Tugas Harian | Q11: Nilai KD
A12: URUT | B12: INDUK | I12: S | J12: I | K12: A | L12: 1 | M12: 2 | N12: 3 | O12: 4 | P12: 5
A13: 1 | B13: 14578 | C13: ADIMAS AGUNG SAPUTRA
A14: 2 | B14: 14579 | C14: AGASTA GHERY SAPUTRA
A15: 3 | B15: 14580 | C15: ALAN KURNIAWAN SUBEKTY
A16: 4 | B16: 14581 | C16: ANANDA RIZKY PRASETYO WIDODO
A17: 5 | B17: 14582 | C17: AQIELA ZAKI NANDANA HAWASIA
A18: 6 | B18: 14583 | C18: AZKA ALIYAN HAKMANI
A19: 7 | B19: 14584 | C19: DAFFA ARYA SADEWA
A20: 8 | B20: 14585 | C20: DIMAS PUTRA PRATAMA
A21: 9 | B21: 14586 | C21: EMAN IANZA
A22: 10 | B22: 14587 | C22: FAHREZI ISNAN KURNIAWAN
A23: 11 | B23: 14588 | C23: FAREL AGUSTIAN SAPUTRA
A24: 12 | B24: 14589 | C24: HAFIIZH SODIK NURRAHMAN
... A42: 30 | B42: 14607 | C42: ZUHDA MUSAHILA
A43: 31
A44: 32
A45: 33
A46: 34
A47: 35
A48: 36
A50: CATATAN HARIAN GURU | L50: Deskripsi Penilaian
A51: NO | B51: Tanggal | C51: Kegiatan Pembelajaran | D51: Materi Pembelajaran
A52: 1 | C52: Menerangkan/Diskusi/Tugas/Ujian*) | L52: 1
A53: 2 | C53: Menerangkan/Diskusi/Tugas/Ujian*) | L53: 2
A54: 3 | C54: Menerangkan/Diskusi/Tugas/Ujian*) | L54: 3
A55: 4 | C55: Menerangkan/Diskusi/Tugas/Ujian*) | L55: 4
A56: 5 | C56: Menerangkan/Diskusi/Tugas/Ujian*) | L56: 5
A57: Keterangan : | K57: Bantul,……………………………………….
A58: Penilaian diisikan setiap kali melakukan penilaian harian berupa tugas, tes tertulis, tes lisan, tes unjuk kerja atau portopolio ( Validasi setiap Bulan ) | K58: Guru Bidang Studi
A60: *) Pada kolom kegiatan pembelajaran coret yang tidak dilakukan, kegiatan pembelajaran bisa lebih dari satu kegiatan
K61: …………………………………………….
K62: NBM…………………………………….
A64: *) 25-jul-2025

Sheet TSM 1
M1: KUR/PPB/FO-002
M2: Rev. 03 / 25 Juli 2025
A3: DAFTAR HADIR SISWA
A4: ( CATATAN HARIAN GURU DAN DAFTAR NILAI )
A5: SMK MUHAMMADIYAH 1 BANTUL
A6: KELAS : X TSM 1 / TO 6
A8: MATA PELAJARAN :.................................................. | L8: SEMESTER :..................
A9: GURU MATA PELAJARAN :.................................................. | L9: TAHUN PELAJARAN : 2025/2026
A10: WALI AMANAH | C10: : Anjar Eko Wibowo, S.Pd
A11: NOMOR | C11: NAMA | D11: BULAN : | I11: JUMLAH | L11: Nilai Tugas Harian | Q11: Nilai KD
A12: URUT | B12: INDUK | I12: S | J12: I | K12: A | L12: 1 | M12: 2 | N12: 3 | O12: 4 | P12: 5
A13: 1 | B13: 14608 | C13: ABYAN MAHMUD ANSHORI
A14: 2 | B14: 14609 | C14: AFGA DWI CAHYO
A15: 3 | B15: 14610 | C15: AFRIANSYAH ALIF'FA SYAPUTRA
A16: 4 | B16: 14611 | C16: AGUSTINA VELIKA RAMADHANI
A17: 5 | B17: 14612 | C17: AHMAD HAFIZ MAULANA
A18: 6 | B18: 14613 | C18: AHMAD ROSSID
A19: 7 | B19: 14614 | C19: AHMAD SALVA BALLESTA LUAY KUSUMA
A20: 8 | B20: 14615 | C20: AHNAF LAILANO MUKASA DHIYAA - ULHAQ
A21: 9 | B21: 14617 | C21: AKBAR NUR SYAH PUTRA
A22: 10 | B22: 14618 | C22: AKBAR PUTRA QURNIAWAN
A23: 11 | B23: 14619 | C23: ALFIAN ANDRI ANSYAH
A24: 12 | B24: 14620 | C24: ALI NURFIANO
... A45: 33 | B45: 14641 | C45: ZIDAN MARVINO
A46: 34
A47: 35
A48: 36
A50: CATATAN HARIAN GURU | L50: Deskripsi Penilaian
A51: NO | B51: Tanggal | C51: Kegiatan Pembelajaran | D51: Materi Pembelajaran
A52: 1 | C52: Menerangkan/Diskusi/Tugas/Ujian*) | L52: 1
A53: 2 | C53: Menerangkan/Diskusi/Tugas/Ujian*) | L53: 2
A54: 3 | C54: Menerangkan/Diskusi/Tugas/Ujian*) | L54: 3
A55: 4 | C55: Menerangkan/Diskusi/Tugas/Ujian*) | L55: 4
A56: 5 | C56: Menerangkan/Diskusi/Tugas/Ujian*) | L56: 5
A57: Keterangan : | K57: Bantul,……………………………………….
A58: Penilaian diisikan setiap kali melakukan penilaian harian berupa tugas, tes tertulis, tes lisan, tes unjuk kerja atau portopolio ( Validasi setiap Bulan ) | K58: Guru Bidang Studi
A60: *) Pada kolom kegiatan pembelajaran coret yang tidak dilakukan, kegiatan pembelajaran bisa lebih dari satu kegiatan
K61: …………………………………………….
K62: NBM…………………………………….
A64: *) 23-sep-2025

Sheet TSM 2
M1: KUR/PPB/FO-002
M2: Rev. 03 / 25 Juli 2025
A3: DAFTAR HADIR SISWA
A4: ( CATATAN HARIAN GURU DAN DAFTAR NILAI )
A5: SMK MUHAMMADIYAH 1 BANTUL
A6: KELAS : X TSM 2 / TO 7
A8: MATA PELAJARAN :.................................................. | L8: SEMESTER :..................
A9: GURU MATA PELAJARAN :.................................................. | L9: TAHUN PELAJARAN : 2025/2026
A10: WALI AMANAH | C10: : Rully Mal Aziz, S.Pd
A11: NOMOR | C11: NAMA | D11: BULAN : | I11: JUMLAH | L11: Nilai Tugas Harian | Q11: Nilai KD
A12: URUT | B12: INDUK | I12: S | J12: I | K12: A | L12: 1 | M12: 2 | N12: 3 | O12: 4 | P12: 5
A13: 1 | B13: 14642 | C13: AAN ADITYA JAYAMURTI
A14: 2 | B14: 14643 | C14: ADRIAN REZKY SAPUTRA
A15: 3 | B15: 14644 | C15: ALAUDIN BARIQ FAISA
A16: 4 | B16: 14645 | C16: CHARLIE NAZRIL ARDIANTO
A17: 5 | B17: 14646 | C17: DAFA NUR RAHMAN
A18: 6 | B18: 14647 | C18: DANIES ARKA WAHANA
A19: 7 | B19: 14648 | C19: DEFFAN AUGUSTALIANO HERDEANPUTRA
A20: 8 | B20: 14649 | C20: DIMAS RAKA
A21: 9 | B21: 14650 | C21: DWI NUR CAHYO
A22: 10 | B22: 14651 | C22: FAHDAN HAFIDZ IKHWANTORO
A23: 11 | B23: 14652 | C23: FAIZASYAH SETO PRASETIYO
A24: 12 | B24: 14653 | C24: FERISCHO RICKY SAPUTRA
... A44: 32 | B44: 14673 | C44: YUSUF ANNAS BAHTIAR
A45: 33
A46: 34
A47: 35
A48: 36
A50: CATATAN HARIAN GURU | L50: Deskripsi Penilaian
A51: NO | B51: Tanggal | C51: Kegiatan Pembelajaran | D51: Materi Pembelajaran
A52: 1 | C52: Menerangkan/Diskusi/Tugas/Ujian*) | L52: 1
A53: 2 | C53: Menerangkan/Diskusi/Tugas/Ujian*) | L53: 2
A54: 3 | C54: Menerangkan/Diskusi/Tugas/Ujian*) | L54: 3
A55: 4 | C55: Menerangkan/Diskusi/Tugas/Ujian*) | L55: 4
A56: 5 | C56: Menerangkan/Diskusi/Tugas/Ujian*) | L56: 5
A57: Keterangan : | K57: Bantul,……………………………………….
A58: Penilaian diisikan setiap kali melakukan penilaian harian berupa tugas, tes tertulis, tes lisan, tes unjuk kerja atau portopolio ( Validasi setiap Bulan ) | K58: Guru Bidang Studi
A60: *) Pada kolom kegiatan pembelajaran coret yang tidak dilakukan, kegiatan pembelajaran bisa lebih dari satu kegiatan
K61: …………………………………………….
K62: NBM…………………………………….
A64: *) 23-jul-2025

Sheet TSM 3
M1: KUR/PPB/FO-002
M2: Rev. 03 / 25 Juli 2025
A3: DAFTAR HADIR SISWA
A4: ( CATATAN HARIAN GURU DAN DAFTAR NILAI )
A5: SMK MUHAMMADIYAH 1 BANTUL
A6: KELAS : X TSM 3 / TO 8
A8: MATA PELAJARAN :.................................................. | L8: SEMESTER :..................
A9: GURU MATA PELAJARAN :.................................................. | L9: TAHUN PELAJARAN : 2025/2026
A10: WALI AMANAH | C10: : Muhammad Ridwan Sulthoni, S.Pd
A11: NOMOR | C11: NAMA | D11: BULAN : | I11: JUMLAH | L11: Nilai Tugas Harian | Q11: Nilai KD
A12: URUT | B12: INDUK | I12: S | J12: I | K12: A | L12: 1 | M12: 2 | N12: 3 | O12: 4 | P12: 5
A13: 1 | B13: 14674 | C13: ABIMANYU WAHYUDI
A14: 2 | B14: 14675 | C14: ARDIAN NADHIF PUTRA
A15: 3 | B15: 14676 | C15: CHASTELANO BARA PUTRA ADRIYAN
A16: 4 | B16: 14677 | C16: DAMAR AGUNG NUGROHO
A17: 5 | B17: 14678 | C17: DARRIEL OBI MARSHALLO
A18: 6 | B18: 14679 | C18: DELVIN FATHIR MUSSLIHUDIN
A19: 7 | B19: 14680 | C19: DHENIA DEWA PRASETYA
A20: 8 | B20: 14681 | C20: DIMAS WAHYUGA
A21: 9 | B21: 14682 | C21: EGGA PRATAMA PUTRA
A22: 10 | B22: 14683 | C22: FAIZ JALU NURYAWAN
A23: 11 | B23: 14684 | C23: FAZZA AVRIL PRATAMA
A24: 12 | B24: 14685 | C24: FERRY ANDRIANSYAH
... A44: 32 | B44: 14705 | C44: ZUDAN SUBEKTI
A45: 33
A46: 34
A47: 35
A48: 36
A50: CATATAN HARIAN GURU | L50: Deskripsi Penilaian
A51: NO | B51: Tanggal | C51: Kegiatan Pembelajaran | D51: Materi Pembelajaran
A52: 1 | C52: Menerangkan/Diskusi/Tugas/Ujian*) | L52: 1
A53: 2 | C53: Menerangkan/Diskusi/Tugas/Ujian*) | L53: 2
A54: 3 | C54: Menerangkan/Diskusi/Tugas/Ujian*) | L54: 3
A55: 4 | C55: Menerangkan/Diskusi/Tugas/Ujian*) | L55: 4
A56: 5 | C56: Menerangkan/Diskusi/Tugas/Ujian*) | L56: 5
A57: Keterangan : | K57: Bantul,……………………………………….
A58: Penilaian diisikan setiap kali melakukan penilaian harian berupa tugas, tes tertulis, tes lisan, tes unjuk kerja atau portopolio ( Validasi setiap Bulan ) | K58: Guru Bidang Studi
A60: *) Pada kolom kegiatan pembelajaran coret yang tidak dilakukan, kegiatan pembelajaran bisa lebih dari satu kegiatan
K61: …………………………………………….
K62: NBM…………………………………….
A64: *) 23-jul-2025

Sheet TSM 4
M1: KUR/PPB/FO-002
M2: Rev. 03 / 25 Juli 2025
A3: DAFTAR HADIR SISWA
A4: ( CATATAN HARIAN GURU DAN DAFTAR NILAI )
A5: SMK MUHAMMADIYAH 1 BANTUL
A6: KELAS : X TSM 4 / TO 9
A8: MATA PELAJARAN :.................................................. | L8: SEMESTER :..................
A9: GURU MATA PELAJARAN :.................................................. | L9: TAHUN PELAJARAN : 2025/2026
A10: WALI AMANAH | C10: : Tono Prihatin, S.Pd
A11: NOMOR | C11: NAMA | D11: BULAN : | I11: JUMLAH | L11: Nilai Tugas Harian | Q11: Nilai KD
A12: URUT | B12: INDUK | I12: S | J12: I | K12: A | L12: 1 | M12: 2 | N12: 3 | O12: 4 | P12: 5
A13: 1 | B13: 14706 | C13: ABDUL FATIH KHOIRUDDIN
A14: 2 | B14: 14707 | C14: ADITYA DWI APRIANTO
A15: 3 | B15: 14708 | C15: ALFIAN JULIAN PUTRA
A16: 4 | B16: 14709 | C16: ARDI YULI KURNIAWAN
A17: 5 | B17: 14710 | C17: ARETHA FATHAN PRATAMA
A18: 6 | B18: 14711 | C18: ARFIYAN RIZKY KURNIAWAN
A19: 7 | B19: 14712 | C19: ARTAMA RAHMAT FAUSTA
A20: 8 | B20: 14713 | C20: AYUB FATURACHMAN
A21: 9 | B21: 14714 | C21: AZIIZ RIZQI SAPUTRO
A22: 10 | B22: 14715 | C22: AZWAN EKA WAHYU FEBRIYANA
A23: 11 | B23: 14716 | C23: BAGUS ARYA MANUNGGAL
A24: 12 | B24: 14717 | C24: BAHRUL ULUM NAFI
... A47: 35 | B47: 14740 | C47: ZAKI RADITYA RUSDIANTO
A48: 36
A50: CATATAN HARIAN GURU | L50: Deskripsi Penilaian
A51: NO | B51: Tanggal | C51: Kegiatan Pembelajaran | D51: Materi Pembelajaran
A52: 1 | C52: Menerangkan/Diskusi/Tugas/Ujian*) | L52: 1
A53: 2 | C53: Menerangkan/Diskusi/Tugas/Ujian*) | L53: 2
A54: 3 | C54: Menerangkan/Diskusi/Tugas/Ujian*) | L54: 3
A55: 4 | C55: Menerangkan/Diskusi/Tugas/Ujian*) | L55: 4
A56: 5 | C56: Menerangkan/Diskusi/Tugas/Ujian*) | L56: 5
A57: Keterangan : | K57: Bantul,……………………………………….
A58: Penilaian diisikan setiap kali melakukan penilaian harian berupa tugas, tes tertulis, tes lisan, tes unjuk kerja atau portopolio ( Validasi setiap Bulan ) | K58: Guru Bidang Studi
A60: *) Pada kolom kegiatan pembelajaran coret yang tidak dilakukan, kegiatan pembelajaran bisa lebih dari satu kegiatan
K61: …………………………………………….
K62: NBM…………………………………….
A64: *) 17-jul-2025

Sheet RPL 1
M1: KUR/PPB/FO-002
M2: Rev. 03 / 25 Juli 2025
A3: DAFTAR HADIR SISWA
A4: ( CATATAN HARIAN GURU DAN DAFTAR NILAI )
A5: SMK MUHAMMADIYAH 1 BANTUL
A6: KELAS : X RPL 1 / PPLG 1
A8: MATA PELAJARAN :.................................................. | L8: SEMESTER :..................
A9: GURU MATA PELAJARAN :.................................................. | L9: TAHUN PELAJARAN : 2025/2026
A10: WALI AMANAH | C10: : Ekayanti Retnaningsih, S.Pd
A11: NOMOR | C11: NAMA | D11: BULAN : | I11: JUMLAH | L11: Nilai Tugas Harian | Q11: Nilai KD
A12: URUT | B12: INDUK | I12: S | J12: I | K12: A | L12: 1 | M12: 2 | N12: 3 | O12: 4 | P12: 5
A13: 1 | B13: 14741 | C13: AHMAD APRIYANTO
A14: 2 | B14: 14742 | C14: AJI SAKA PRATAMA
A15: 3 | B15: 14743 | C15: ALVEYRO JANNY GRACIO
A16: 4 | B16: 14744 | C16: ALYA FADMA DINATA
A17: 5 | B17: 14745 | C17: ANDINI REGINA ARDIYANTI
A18: 6 | B18: 14746 | C18: ARKHA ARDAN PRATAMA
A19: 7 | B19: 14747 | C19: CHELSYA RIZTI
A20: 8 | B20: 14748 | C20: DONI PRATAMA
A21: 9 | B21: 14749 | C21: DZAKY ARRAHMAN
A22: 10 | B22: 14750 | C22: ERLIENDHA PUTRI ELYSHA
A23: 11 | B23: 14751 | C23: EVAN PERDANA PUTRA
A24: 12 | B24: 14752 | C24: FATIHUL IHSAN PUTRA SETIAWAN
... A46: 34 | B46: 14774 | C46: ZAHRI ARDIYANTO
A47: 35
A48: 36
A50: CATATAN HARIAN GURU | L50: Deskripsi Penilaian
A51: NO | B51: Tanggal | C51: Kegiatan Pembelajaran | D51: Materi Pembelajaran
A52: 1 | C52: Menerangkan/Diskusi/Tugas/Ujian*) | L52: 1
A53: 2 | C53: Menerangkan/Diskusi/Tugas/Ujian*) | L53: 2
A54: 3 | C54: Menerangkan/Diskusi/Tugas/Ujian*) | L54: 3
A55: 4 | C55: Menerangkan/Diskusi/Tugas/Ujian*) | L55: 4
A56: 5 | C56: Menerangkan/Diskusi/Tugas/Ujian*) | L56: 5
A57: Keterangan : | K57: Bantul,……………………………………….
A58: Penilaian diisikan setiap kali melakukan penilaian harian berupa tugas, tes tertulis, tes lisan, tes unjuk kerja atau portopolio ( Validasi setiap Bulan ) | K58: Guru Bidang Studi
A60: *) Pada kolom kegiatan pembelajaran coret yang tidak dilakukan, kegiatan pembelajaran bisa lebih dari satu kegiatan
K61: …………………………………………….
K62: NBM…………………………………….
A64: *) 25-jul-2025

Sheet RPL 2
M1: KUR/PPB/FO-002
M2: Rev. 03 / 25 Juli 2025
A3: DAFTAR HADIR SISWA
A4: ( CATATAN HARIAN GURU DAN DAFTAR NILAI )
A5: SMK MUHAMMADIYAH 1 BANTUL
A6: KELAS : X RPL 2 / PPLG 2
A8: MATA PELAJARAN :.................................................. | L8: SEMESTER :..................
A9: GURU MATA PELAJARAN :.................................................. | L9: TAHUN PELAJARAN : 2025/2026
A10: WALI AMANAH | C10: : Heni Purwantari Utami, S.Pd
A11: NOMOR | C11: NAMA | D11: BULAN : | I11: JUMLAH | L11: Nilai Tugas Harian | Q11: Nilai KD
A12: URUT | B12: INDUK | I12: S | J12: I | K12: A | L12: 1 | M12: 2 | N12: 3 | O12: 4 | P12: 5
A13: 1 | B13: 14775 | C13: ADE NANDA PUTRI YASVA
A14: 2 | B14: 14776 | C14: ADI PRASETYO
A15: 3 | B15: 14777 | C15: ADITYA SADEWA
A16: 4 | B16: 14778 | C16: ANDREAN SATRIO NUGROHO
A17: 5 | B17: 14779 | C17: ANJANI LARASATI AZIZAH
A18: 6 | B18: 14780 | C18: ANNISA MAHDALENA
A19: 7 | B19: 14781 | C19: ARGA PRADISA PUTRA RAMADHANI
A20: 8 | B20: 14782 | C20: DEVASYHA AQUILA MAULANA
A21: 9 | B21: 14783 | C21: DZAKIY RAHADYAN PRAMONO
A22: 10 | B22: 14784 | C22: ELLENA DWI PUSPITA SARI
A23: 11 | B23: 14785 | C23: FAJAR KUSUMA AJI
A24: 12 | B24: 14786 | C24: FARID NUR PRASETYO
... A43: 31 | B43: 14805 | C43: ZULI DWI PITRIYANI
A44: 32
A45: 33
A46: 34
A47: 35
A48: 36
A50: CATATAN HARIAN GURU | L50: Deskripsi Penilaian
A51: NO | B51: Tanggal | C51: Kegiatan Pembelajaran | D51: Materi Pembelajaran
A52: 1 | C52: Menerangkan/Diskusi/Tugas/Ujian*) | L52: 1
A53: 2 | C53: Menerangkan/Diskusi/Tugas/Ujian*) | L53: 2
A54: 3 | C54: Menerangkan/Diskusi/Tugas/Ujian*) | L54: 3
A55: 4 | C55: Menerangkan/Diskusi/Tugas/Ujian*) | L55: 4
A56: 5 | C56: Menerangkan/Diskusi/Tugas/Ujian*) | L56: 5
A57: Keterangan : | K57: Bantul,……………………………………….
A58: Penilaian diisikan setiap kali melakukan penilaian harian berupa tugas, tes tertulis, tes lisan, tes unjuk kerja atau portopolio ( Validasi setiap Bulan ) | K58: Guru Bidang Studi
A60: *) Pada kolom kegiatan pembelajaran coret yang tidak dilakukan, kegiatan pembelajaran bisa lebih dari satu kegiatan
K61: …………………………………………….
K62: NBM…………………………………….
A64: *) 23-sep-2025

Sheet stat
A1: NO | B1: KELAS | C1: JUMLAH
A2: 1 | B2: X TAV / TE | C2: =COUNTA('TAV 1'!$C$13:$C$32) -> 13
A3: 2 | B3: X TPM 1 / TM 1 | C3: =COUNTA('TPM 1'!$C$13:$C$46) -> 29 | E3: NIS TERAKHIR : | H3: 14807 | I3: DOKKA UMAROV ABDURAHMAN | J3: 10 PPLG 2
A4: 3 | B4: X TPM 2 / TM 2 | C4: =COUNTA('TPM 2'!$C$13:$C$48) -> 30
A5: 4 | B5: X TKR 1 / TO 1 | C5: =COUNTA('TKR 1'!$C$13:$C$48) -> 31
A6: 5 | B6: X TKR 2 / TO 2 | C6: =COUNTA('TKR 2'!$C$13:$C$48) -> 34
A7: 6 | B7: X TKR 3 / TO 3 | C7: =COUNTA('TKR 3'!$C$13:$C$49) -> 31
A8: 7 | B8: X TKR 4 / TO 4 | C8: =COUNTA('TKR 4'!$C$13:$C$49) -> 34
A9: 8 | B9: X TKR 5 / TO 5 | C9: =COUNTA('TKR 5'!$C$13:$C$49) -> 30
A10: 9 | B10: X TSM 1 / TO 6 | C10: =COUNTA('TSM 1'!$C$13:$C$49) -> 33
A11: 10 | B11: X TSM 2 / TO 7 | C11: =COUNTA('TSM 2'!$C$13:$C$49) -> 32
A12: 11 | B12: X TSM 3 / TO 8 | C12: =COUNTA('TSM 3'!$C$13:$C$49) -> 32
A13: 12 | B13: X TSM 4 / TO 9 | C13: =COUNTA('TSM 4'!$C$13:$C$49) -> 35
A14: 13 | B14: X RPL 1 / PPLG 1 | C14: =COUNTA('RPL 1'!$C$13:$C$48) -> 34
A15: 14 | B15: X RPL 2 / PPLG 2 | C15: =COUNTA('RPL 2'!$C$13:$C$48) -> 31
B16: TOTAL | C16: =SUM(C2:C15) -> 429

Sheet Total
A1: NO | B1: NIS | C1: NAMA SISWA | D1: KELAS | E1: KELAS 2 | F1: KET | G1: NIS | I1: JURUSAN | J1: JUMLAH AWAL | K1: ROMBEL | L1: AKTIF | M1: KELUAR | N1: TOTAL AKTIF | O1: TOTAL KELUAR
A2: 1 | B2: 14375 | C2: ARIF YUSUF MAULANA | D2: 10 TAV | E2: 10 TE | F2: AKTIF | G2: 14375 | I2: TE / TAV | J2: =N2+O2 -> 13 | K2: 1 | L2: =COUNTIFS($E$2:$E$439,"10 TE",$F$2:$F$439,"AKTIF") -> 13 | M2: =COUNTIFS($E$2:$E$439,"10 TE",$F$2:$F$439,"KELUAR") -> 0 | N2: =SUM(L2) -> 13 | O2: =SUM(M2) -> 0
A3: 2 | B3: 14376 | C3: AZRIEL GALANG NURKHOLIS | D3: 10 TAV | E3: 10 TE | F3: AKTIF | G3: 14376 | I3: TM / TPM | J3: =N3+O3 -> 61 | K3: 1 | L3: =COUNTIFS($E$2:$E$439,"10 TM 1",$F$2:$F$439,"AKTIF") -> 29 | M3: =COUNTIFS($E$2:$E$439,"10 TM 1",$F$2:$F$439,"KELUAR") -> 2 | N3: =SUM(L3:L4) -> 59 | O3: =SUM(M3:M4) -> 2
A4: 3 | B4: 14377 | C4: BAYU AJI NUGROHO | D4: 10 TAV | E4: 10 TE | F4: AKTIF | G4: 14377 | K4: 2 | L4: =COUNTIFS($E$2:$E$439,"10 TM 2",$F$2:$F$439,"AKTIF") -> 30 | M4: =COUNTIFS($E$2:$E$439,"10 TM 2",$F$2:$F$439,"KELUAR") -> 0
A5: 4 | B5: 14378 | C5: MAULANA QOLBI | D5: 10 TAV | E5: 10 TE | F5: AKTIF | G5: 14378 | I5: TO / TKRO | J5: =N5+O5 -> 161 | K5: 1 | L5: =COUNTIFS($E$2:$E$439,"10 TO 1",$F$2:$F$439,"AKTIF") -> 31 | M5: =COUNTIFS($E$2:$E$439,"10 TO 1",$F$2:$F$439,"KELUAR") -> 1 | N5: =SUM(L5:L9) -> 160 | O5: =SUM(M5:M9) -> 1
A6: 5 | B6: 14379 | C6: MERLIN PUTRI RAMADHANI | D6: 10 TAV | E6: 10 TE | F6: AKTIF | G6: 14379 | K6: 2 | L6: =COUNTIFS($E$2:$E$439,"10 TO 2",$F$2:$F$439,"AKTIF") -> 34 | M6: =COUNTIFS($E$2:$E$439,"10 TO 2",$F$2:$F$439,"KELUAR") -> 0
A7: 6 | B7: 14380 | C7: MUHAMMAD AKBAR | D7: 10 TAV | E7: 10 TE | F7: AKTIF | G7: 14380 | K7: 3 | L7: =COUNTIFS($E$2:$E$439,"10 TO 3",$F$2:$F$439,"AKTIF") -> 31 | M7: =COUNTIFS($E$2:$E$439,"10 TO 3",$F$2:$F$439,"KELUAR") -> 0
A8: 7 | B8: 14381 | C8: MUHAMMAD HASBY | D8: 10 TAV | E8: 10 TE | F8: AKTIF | G8: 14381 | K8: 4 | L8: =COUNTIFS($E$2:$E$439,"10 TO 4",$F$2:$F$439,"AKTIF") -> 34 | M8: =COUNTIFS($E$2:$E$439,"10 TO 4",$F$2:$F$439,"KELUAR") -> 0
A9: 8 | B9: 14382 | C9: NANDA BAGUS DWI FIRMANSYAH | D9: 10 TAV | E9: 10 TE | F9: AKTIF | G9: 14382 | K9: 5 | L9: =COUNTIFS($E$2:$E$439,"10 TO 5",$F$2:$F$439,"AKTIF") -> 30 | M9: =COUNTIFS($E$2:$E$439,"10 TO 5",$F$2:$F$439,"KELUAR") -> 0
A10: 9 | B10: 14383 | C10: NIZA NARENDRA KARUNIA GUSTI | D10: 10 TAV | E10: 10 TE | F10: AKTIF | G10: 14383 | I10: TO / TBSM | J10: =N10+O10 -> 133 | K10: 1 | L10: =COUNTIFS($E$2:$E$439,"10 TO 6",$F$2:$F$439,"AKTIF") -> 33 | M10: =COUNTIFS($E$2:$E$439,"10 TO 6",$F$2:$F$439,"KELUAR") -> 1 | N10: =SUM(L10:L13) -> 132 | O10: =SUM(M10:M13) -> 1
A11: 10 | B11: 14384 | C11: RAIZ PANJI SAPUTRO | D11: 10 TAV | E11: 10 TE | F11: AKTIF | G11: 14384 | K11: 2 | L11: =COUNTIFS($E$2:$E$439,"10 TO 7",$F$2:$F$439,"AKTIF") -> 32 | M11: =COUNTIFS($E$2:$E$439,"10 TO 7",$F$2:$F$439,"KELUAR") -> 0
A12: 11 | B12: 14385 | C12: RAZAQA ADITYA FAZA | D12: 10 TAV | E12: 10 TE | F12: AKTIF | G12: 14385 | K12: 3 | L12: =COUNTIFS($E$2:$E$439,"10 TO 8",$F$2:$F$439,"AKTIF") -> 32 | M12: =COUNTIFS($E$2:$E$439,"10 TO 8",$F$2:$F$439,"KELUAR") -> 0
A13: 12 | B13: 14386 | C13: RIDWAN MAULANA | D13: 10 TAV | E13: 10 TE | F13: AKTIF | G13: 14386 | K13: 4 | L13: =COUNTIFS($E$2:$E$439,"10 TO 9",$F$2:$F$439,"AKTIF") -> 35 | M13: =COUNTIFS($E$2:$E$439,"10 TO 9",$F$2:$F$439,"KELUAR") -> 0
A14: 13 | B14: 14387 | C14: VANO PUTRA PERDANA WIJAYA | D14: 10 TAV | E14: 10 TE | F14: AKTIF | G14: 14387 | I14: PPLG / RPL | J14: =N14+O14 -> 65 | K14: 1 | L14: =COUNTIFS($E$2:$E$439,"10 PPLG 1",$F$2:$F$439,"AKTIF") -> 34 | M14: =COUNTIFS($E$2:$E$439,"10 PPLG 1",$F$2:$F$439,"KELUAR") -> 0 | N14: =SUM(L14:L15) -> 65 | O14: =SUM(M14:M15) -> 0
A15: 14 | B15: 14388 | C15: ADNAN AS SYIFA CANDRA WIBAWA | D15: 10 TPM 1 | E15: 10 TM 1 | F15: AKTIF | G15: 14388 | K15: 2 | L15: =COUNTIFS($E$2:$E$439,"10 PPLG 2",$F$2:$F$439,"AKTIF") -> 31 | M15: =COUNTIFS($E$2:$E$439,"10 PPLG 2",$F$2:$F$439,"KELUAR") -> 0
A16: 15 | B16: 14389 | C16: AHMAD AFIQ MAULANA | D16: 10 TPM 1 | E16: 10 TM 1 | F16: AKTIF | G16: 14389 | I16: TOTAL | J16: =SUM(J2:J14) -> 433 | K16: =COUNTA(K2:K15) -> 14 | L16: =SUM(L2:L15) -> 429 | M16: =SUM(M2:M15) -> 4 | N16: =SUM(N2:N15) -> 429 | O16: =SUM(O2:O15) -> 4
A17: 16 | B17: 14390 | C17: ALFAREL FRIDZI NAUVALADI | D17: 10 TPM 1 | E17: 10 TM 1 | F17: AKTIF | G17: 14390
A18: 17 | B18: 14391 | C18: ASYRAF AULIA RAHMAN | D18: 10 TPM 1 | E18: 10 TM 1 | F18: AKTIF | G18: 14391
A19: 18 | B19: 14392 | C19: ATHAR AL FATIH IBROHIM | D19: 10 TPM 1 | E19: 10 TM 1 | F19: AKTIF | G19: 14392
A20: 19 | B20: 14393 | C20: BAGAS ARDHI PANGESTU | D20: 10 TPM 1 | E20: 10 TM 1 | F20: AKTIF | G20: 14393
A21: 20 | B21: 14394 | C21: BINTANG RADITHYA JAVAS NARARYA | D21: 10 TPM 1 | E21: 10 TM 1 | F21: AKTIF | G21: 14394
A22: 21 | B22: 14395 | C22: BIRLIANZA GAHZY ARVEL ARISQI | D22: 10 TPM 1 | E22: 10 TM 1 | F22: AKTIF | G22: 14395
A23: 22 | B23: 14396 | C23: CAESAR GANENDRA DEVLIN | D23: 10 TPM 1 | E23: 10 TM 1 | F23: AKTIF | G23: 14396
A24: 23 | B24: 14397 | C24: FADLI SYAIFUDIN ILHAM | D24: 10 TPM 1 | E24: 10 TM 1 | F24: AKTIF | G24: 14397
A25: 24 | B25: 14398 | C25: FAJAR DWI NUGROHO | D25: 10 TPM 1 | E25: 10 TM 1 | F25: AKTIF | G25: 14398
A26: 25 | B26: 14399 | C26: FAREL ADITYA PRATAMA | D26: 10 TPM 1 | E26: 10 TM 1 | F26: AKTIF | G26: 14399
A27: 26 | B27: 14400 | C27: HAFIDZ ISANKA YAHYA | D27: 10 TPM 1 | E27: 10 TM 1 | F27: AKTIF | G27: 14400
A28: 27 | B28: 14401 | C28: HUSEIN SYA'ID ABDULLAH | D28: 10 TPM 1 | E28: 10 TM 1 | F28: AKTIF | G28: 14401
... A434: 433 | B434: 14805 | C434: ZULI DWI PITRIYANI | D434: 10 RPL 2 | E434: 10 PPLG 2 | F434: AKTIF | G434: 14805
A435: 434
A436: 435
A437: 436
A438: 437
A439: 438
A440: 439
A441: 440
A442: 441
A443: 442

Sheet alamat
A1: NO | B1: NO DAFTAR | C1: NIS | D1: NAMA SISWA | E1: KELAS | F1: KET | G1: HP 1 | H1: HP 2 | I1: DUSUN | J1: RT | K1: DESA | L1: KECAMATAN | M1: ORANG TUA | N1: SMP/MTs | O1: Tgl Lahir
A2: 1 | B2: MSB25-03-353 | C2: 14741 | D2: AHMAD APRIYANTO | E2: =VLOOKUP(D2,Total!$C$2:$D$439,2,0) -> 10 RPL 1 | F2: =VLOOKUP(C2,Total!$B$2:$F$439,5,0) -> AKTIF | G2: =VLOOKUP($B2,master!$B$2:$S$595,16,0) -> 089529103240 | H2: =VLOOKUP($B2,master!$B$2:$S$595,17,0) -> 089529103240 | I2: =VLOOKUP($B2,master!$B$2:$S$595,8,0) -> MELIKAN LOR | J2: =VLOOKUP($B2,master!$B$2:$S$595,9,0) -> 005 | K2: =VLOOKUP($B2,master!$B$2:$S$595,11,0) -> BANTUL | L2: =VLOOKUP($B2,master!$B$2:$S$595,12,0) -> BANTUL | M2: =VLOOKUP($B2,master!$B$2:$S$595,6,0) -> SITI FATIMAH | N2: =VLOOKUP($B2,master!$B$2:$S$595,15,0) -> SMP N 2 BANTUL | O2: =VLOOKUP($B2,master!$B$2:$S$595,4,0) -> 23-04-2009
A3: 2 | B3: MSB25-00-045 | C3: 14742 | D3: AJI SAKA PRATAMA | E3: =VLOOKUP(D3,Total!$C$2:$D$439,2,0) -> 10 RPL 1 | F3: =VLOOKUP(C3,Total!$B$2:$F$439,5,0) -> AKTIF | G3: =VLOOKUP($B3,master!$B$2:$S$595,16,0) -> 085664315830 | H3: =VLOOKUP($B3,master!$B$2:$S$595,17,0) -> 0 | I3: =VLOOKUP($B3,master!$B$2:$S$595,8,0) -> DEPOK | J3: =VLOOKUP($B3,master!$B$2:$S$595,9,0) -> 2 | K3: =VLOOKUP($B3,master!$B$2:$S$595,11,0) -> BANTUL | L3: =VLOOKUP($B3,master!$B$2:$S$595,12,0) -> BANTUL | M3: =VLOOKUP($B3,master!$B$2:$S$595,6,0) -> IRHAN | N3: =VLOOKUP($B3,master!$B$2:$S$595,15,0) -> SMP N 32 OGAN KOMERING ULU | O3: =VLOOKUP($B3,master!$B$2:$S$595,4,0) -> 29-11-2009
A4: 3 | B4: MSB25-03-402 | C4: 14743 | D4: ALVEYRO JANNY GRACIO | E4: =VLOOKUP(D4,Total!$C$2:$D$439,2,0) -> 10 RPL 1 | F4: =VLOOKUP(C4,Total!$B$2:$F$439,5,0) -> AKTIF | G4: =VLOOKUP($B4,master!$B$2:$S$595,16,0) -> 087828484009 | H4: =VLOOKUP($B4,master!$B$2:$S$595,17,0) -> 082227750057 | I4: =VLOOKUP($B4,master!$B$2:$S$595,8,0) -> KARANGGAYAM | J4: =VLOOKUP($B4,master!$B$2:$S$595,9,0) -> 6 | K4: =VLOOKUP($B4,master!$B$2:$S$595,11,0) -> BANTUL | L4: =VLOOKUP($B4,master!$B$2:$S$595,12,0) -> BANTUL | M4: =VLOOKUP($B4,master!$B$2:$S$595,6,0) -> JANI TRI HARTANTO | N4: =VLOOKUP($B4,master!$B$2:$S$595,15,0) -> MTS N 4 BANTUL | O4: =VLOOKUP($B4,master!$B$2:$S$595,4,0) -> 12-03-2010
A5: 4 | B5: MSB25-04-572 | C5: 14744 | D5: ALYA FADMA DINATA | E5: =VLOOKUP(D5,Total!$C$2:$D$439,2,0) -> 10 RPL 1 | F5: =VLOOKUP(C5,Total!$B$2:$F$439,5,0) -> AKTIF | G5: =VLOOKUP($B5,master!$B$2:$S$595,16,0) -> 089649000989 | H5: =VLOOKUP($B5,master!$B$2:$S$595,17,0) -> 08999346532 | I5: =VLOOKUP($B5,master!$B$2:$S$595,8,0) -> KWENI | J5: =VLOOKUP($B5,master!$B$2:$S$595,9,0) -> 07 | K5: =VLOOKUP($B5,master!$B$2:$S$595,11,0) -> PANGGUNGHARJO | L5: =VLOOKUP($B5,master!$B$2:$S$595,12,0) -> SEWON | M5: =VLOOKUP($B5,master!$B$2:$S$595,6,0) -> MURJIYONO | N5: =VLOOKUP($B5,master!$B$2:$S$595,15,0) -> SMP N 4 SEWON | O5: =VLOOKUP($B5,master!$B$2:$S$595,4,0) -> 8-07-2009
A6: 5 | B6: MSB25-03-314 | C6: 14745 | D6: ANDINI REGINA ARDIYANTI | E6: =VLOOKUP(D6,Total!$C$2:$D$439,2,0) -> 10 RPL 1 | F6: =VLOOKUP(C6,Total!$B$2:$F$439,5,0) -> AKTIF | G6: =VLOOKUP($B6,master!$B$2:$S$595,16,0) -> 082330859929 | H6: =VLOOKUP($B6,master!$B$2:$S$595,17,0) -> 0888902876331 | I6: =VLOOKUP($B6,master!$B$2:$S$595,8,0) -> DIRO | J6: =VLOOKUP($B6,master!$B$2:$S$595,9,0) -> 58 | K6: =VLOOKUP($B6,master!$B$2:$S$595,11,0) -> PENDOWOHARJO | L6: =VLOOKUP($B6,master!$B$2:$S$595,12,0) -> SEWON | M6: =VLOOKUP($B6,master!$B$2:$S$595,6,0) -> SUMIJO | N6: =VLOOKUP($B6,master!$B$2:$S$595,15,0) -> SMP MUHAMMADIYAH KASIHAN | O6: =VLOOKUP($B6,master!$B$2:$S$595,4,0) -> 1-09-2009
A7: 6 | B7: MSB25-04-567 | C7: 14746 | D7: ARKHA ARDAN PRATAMA | E7: =VLOOKUP(D7,Total!$C$2:$D$439,2,0) -> 10 RPL 1 | F7: =VLOOKUP(C7,Total!$B$2:$F$439,5,0) -> AKTIF | G7: =VLOOKUP($B7,master!$B$2:$S$595,16,0) -> 081393613004 | H7: =VLOOKUP($B7,master!$B$2:$S$595,17,0) -> 0882008133270 | I7: =VLOOKUP($B7,master!$B$2:$S$595,8,0) -> KLATAK | J7: =VLOOKUP($B7,master!$B$2:$S$595,9,0) -> 01 | K7: =VLOOKUP($B7,master!$B$2:$S$595,11,0) -> GADINGSARI | L7: =VLOOKUP($B7,master!$B$2:$S$595,12,0) -> SANDEN | M7: =VLOOKUP($B7,master!$B$2:$S$595,6,0) -> ANNA LESTIYANINGSIH | N7: =VLOOKUP($B7,master!$B$2:$S$595,15,0) -> SMP N 2 PANDAK | O7: =VLOOKUP($B7,master!$B$2:$S$595,4,0) -> 23-07-2010
A8: 7 | B8: MSB25-03-358 | C8: 14747 | D8: CHELSYA RIZTI | E8: =VLOOKUP(D8,Total!$C$2:$D$439,2,0) -> 10 RPL 1 | F8: =VLOOKUP(C8,Total!$B$2:$F$439,5,0) -> AKTIF | G8: =VLOOKUP($B8,master!$B$2:$S$595,16,0) -> 08226098194 | H8: =VLOOKUP($B8,master!$B$2:$S$595,17,0) -> 083898671034 | I8: =VLOOKUP($B8,master!$B$2:$S$595,8,0) -> TEGAL KRAPYAK | J8: =VLOOKUP($B8,master!$B$2:$S$595,9,0) -> 1 | K8: =VLOOKUP($B8,master!$B$2:$S$595,11,0) -> PANGGUNGHARJO | L8: =VLOOKUP($B8,master!$B$2:$S$595,12,0) -> SEWON | M8: =VLOOKUP($B8,master!$B$2:$S$595,6,0) -> M. Rizal Wahyudi | N8: =VLOOKUP($B8,master!$B$2:$S$595,15,0) -> MTS N 2 INDRAGIRI HILIR | O8: =VLOOKUP($B8,master!$B$2:$S$595,4,0) -> 4-01-2010
A9: 8 | B9: MSB25-04-605 | C9: 14748 | D9: DONI PRATAMA | E9: =VLOOKUP(D9,Total!$C$2:$D$439,2,0) -> 10 RPL 1 | F9: =VLOOKUP(C9,Total!$B$2:$F$439,5,0) -> AKTIF | G9: =VLOOKUP($B9,master!$B$2:$S$595,16,0) -> 081999901059 | H9: =VLOOKUP($B9,master!$B$2:$S$595,17,0) -> 081999901059 | I9: =VLOOKUP($B9,master!$B$2:$S$595,8,0) -> PECIRO | J9: =VLOOKUP($B9,master!$B$2:$S$595,9,0) -> 2 | K9: =VLOOKUP($B9,master!$B$2:$S$595,11,0) -> MURTIGADING | L9: =VLOOKUP($B9,master!$B$2:$S$595,12,0) -> SANDEN | M9: =VLOOKUP($B9,master!$B$2:$S$595,6,0) -> SUDARYANTO | N9: =VLOOKUP($B9,master!$B$2:$S$595,15,0) -> MTS AL IHSAN | O9: =VLOOKUP($B9,master!$B$2:$S$595,4,0) -> 8-10-2009
A10: 9 | B10: MSB25-02-240 | C10: 14749 | D10: DZAKY ARRAHMAN | E10: =VLOOKUP(D10,Total!$C$2:$D$439,2,0) -> 10 RPL 1 | F10: =VLOOKUP(C10,Total!$B$2:$F$439,5,0) -> AKTIF | G10: =VLOOKUP($B10,master!$B$2:$S$595,16,0) -> 081224722212 | H10: =VLOOKUP($B10,master!$B$2:$S$595,17,0) -> 088227288627 | I10: =VLOOKUP($B10,master!$B$2:$S$595,8,0) -> SELO | J10: =VLOOKUP($B10,master!$B$2:$S$595,9,0) -> 1 | K10: =VLOOKUP($B10,master!$B$2:$S$595,11,0) -> SIDOMULYO | L10: =VLOOKUP($B10,master!$B$2:$S$595,12,0) -> BAMBANGLIPURO | M10: =VLOOKUP($B10,master!$B$2:$S$595,6,0) -> SARDJIMAN | N10: =VLOOKUP($B10,master!$B$2:$S$595,15,0) -> SMP N 1 BAMBANGLIPURO | O10: =VLOOKUP($B10,master!$B$2:$S$595,4,0) -> 26-11-2009
A11: 10 | B11: MSB25-03-485 | C11: 14750 | D11: ERLIENDHA PUTRI ELYSHA | E11: =VLOOKUP(D11,Total!$C$2:$D$439,2,0) -> 10 RPL 1 | F11: =VLOOKUP(C11,Total!$B$2:$F$439,5,0) -> AKTIF | G11: =VLOOKUP($B11,master!$B$2:$S$595,16,0) -> 088227697511 | H11: =VLOOKUP($B11,master!$B$2:$S$595,17,0) -> 0882006702312 | I11: =VLOOKUP($B11,master!$B$2:$S$595,8,0) -> MANDING | J11: =VLOOKUP($B11,master!$B$2:$S$595,9,0) -> 08 | K11: =VLOOKUP($B11,master!$B$2:$S$595,11,0) -> TRIRENGGO | L11: =VLOOKUP($B11,master!$B$2:$S$595,12,0) -> BANTUL | M11: =VLOOKUP($B11,master!$B$2:$S$595,6,0) -> RIRIN HARIANY | N11: =VLOOKUP($B11,master!$B$2:$S$595,15,0) -> SMP N 3 BANTUL | O11: =VLOOKUP($B11,master!$B$2:$S$595,4,0) -> 25-12-2009
A12: 11 | B12: MSB25-03-463 | C12: 14751 | D12: EVAN PERDANA PUTRA | E12: =VLOOKUP(D12,Total!$C$2:$D$439,2,0) -> 10 RPL 1 | F12: =VLOOKUP(C12,Total!$B$2:$F$439,5,0) -> AKTIF | G12: =VLOOKUP($B12,master!$B$2:$S$595,16,0) -> 085727256311 | H12: =VLOOKUP($B12,master!$B$2:$S$595,17,0) -> 085727256311 | I12: =VLOOKUP($B12,master!$B$2:$S$595,8,0) -> KARANGTALUN | J12: =VLOOKUP($B12,master!$B$2:$S$595,9,0) -> 08 | K12: =VLOOKUP($B12,master!$B$2:$S$595,11,0) -> WUKIRSARI | L12: =VLOOKUP($B12,master!$B$2:$S$595,12,0) -> IMOGIRI | M12: =VLOOKUP($B12,master!$B$2:$S$595,6,0) -> JAIMAN | N12: =VLOOKUP($B12,master!$B$2:$S$595,15,0) -> SMP N 1 IMOGIRI | O12: =VLOOKUP($B12,master!$B$2:$S$595,4,0) -> 17-01-2008
A13: 12 | B13: MSB25-03-285 | C13: 14752 | D13: FATIHUL IHSAN PUTRA SETIAWAN | E13: =VLOOKUP(D13,Total!$C$2:$D$439,2,0) -> 10 RPL 1 | F13: =VLOOKUP(C13,Total!$B$2:$F$439,5,0) -> AKTIF | G13: =VLOOKUP($B13,master!$B$2:$S$595,16,0) -> 087774777776 | H13: =VLOOKUP($B13,master!$B$2:$S$595,17,0) -> 081390592350 | I13: =VLOOKUP($B13,master!$B$2:$S$595,8,0) -> JAGAN | J13: =VLOOKUP($B13,master!$B$2:$S$595,9,0) -> 04 | K13: =VLOOKUP($B13,master!$B$2:$S$595,11,0) -> BANGUNJIWO | L13: =VLOOKUP($B13,master!$B$2:$S$595,12,0) -> KASIHAN | M13: =VLOOKUP($B13,master!$B$2:$S$595,6,0) -> Aris Setiawan | N13: =VLOOKUP($B13,master!$B$2:$S$595,15,0) -> SMP MUHAMMADIYAH BANTUL | O13: =VLOOKUP($B13,master!$B$2:$S$595,4,0) -> 14-03-2009
... A434: 433 | B434: MSB25-04-612 | C434: 14807 | D434: DOKKA UMAROV ABDURAHMAN | E434: =VLOOKUP(D434,Total!$C$2:$D$439,2,0) -> 10 TKR 2 | F434: =VLOOKUP(C434,Total!$B$2:$F$439,5,0) -> AKTIF | G434: =VLOOKUP($B434,master!$B$2:$S$595,16,0) -> 085600966783 | H434: =VLOOKUP($B434,master!$B$2:$S$595,17,0) -> 085720112959 | I434: =VLOOKUP($B434,master!$B$2:$S$595,8,0) -> KALISONO | J434: =VLOOKUP($B434,master!$B$2:$S$595,9,0) -> 12 | K434: =VLOOKUP($B434,master!$B$2:$S$595,11,0) -> TUKSONO | L434: =VLOOKUP($B434,master!$B$2:$S$595,12,0) -> SENTOLO | M434: =VLOOKUP($B434,master!$B$2:$S$595,6,0) -> HARJITO | N434: =VLOOKUP($B434,master!$B$2:$S$595,15,0) -> SMP MUHAMMADIYAH 2 LENDAH | O434: =VLOOKUP($B434,master!$B$2:$S$595,4,0) -> 9-10-2009
A435: 434 | E435: =VLOOKUP(D435,Total!$C$2:$D$439,2,0) -> #N/A | F435: =VLOOKUP(C435,Total!$B$2:$F$439,5,0) -> #N/A | G435: =VLOOKUP($B435,master!$B$2:$S$595,16,0) -> #N/A | H435: =VLOOKUP($B435,master!$B$2:$S$595,17,0) -> #N/A | I435: =VLOOKUP($B435,master!$B$2:$S$595,8,0) -> #N/A | J435: =VLOOKUP($B435,master!$B$2:$S$595,9,0) -> #N/A | K435: =VLOOKUP($B435,master!$B$2:$S$595,11,0) -> #N/A | L435: =VLOOKUP($B435,master!$B$2:$S$595,12,0) -> #N/A | M435: =VLOOKUP($B435,master!$B$2:$S$595,6,0) -> #N/A | N435: =VLOOKUP($B435,master!$B$2:$S$595,15,0) -> #N/A | O435: =VLOOKUP($B435,master!$B$2:$S$595,4,0) -> #N/A
A436: 435 | E436: =VLOOKUP(D436,Total!$C$2:$D$439,2,0) -> #N/A | F436: =VLOOKUP(C436,Total!$B$2:$F$439,5,0) -> #N/A | G436: =VLOOKUP($B436,master!$B$2:$S$595,16,0) -> #N/A | H436: =VLOOKUP($B436,master!$B$2:$S$595,17,0) -> #N/A | I436: =VLOOKUP($B436,master!$B$2:$S$595,8,0) -> #N/A | J436: =VLOOKUP($B436,master!$B$2:$S$595,9,0) -> #N/A | K436: =VLOOKUP($B436,master!$B$2:$S$595,11,0) -> #N/A | L436: =VLOOKUP($B436,master!$B$2:$S$595,12,0) -> #N/A | M436: =VLOOKUP($B436,master!$B$2:$S$595,6,0) -> #N/A | N436: =VLOOKUP($B436,master!$B$2:$S$595,15,0) -> #N/A | O436: =VLOOKUP($B436,master!$B$2:$S$595,4,0) -> #N/A
A437: 436 | E437: =VLOOKUP(D437,Total!$C$2:$D$439,2,0) -> #N/A | F437: =VLOOKUP(C437,Total!$B$2:$F$439,5,0) -> #N/A | G437: =VLOOKUP($B437,master!$B$2:$S$595,16,0) -> #N/A | H437: =VLOOKUP($B437,master!$B$2:$S$595,17,0) -> #N/A | I437: =VLOOKUP($B437,master!$B$2:$S$595,8,0) -> #N/A | J437: =VLOOKUP($B437,master!$B$2:$S$595,9,0) -> #N/A | K437: =VLOOKUP($B437,master!$B$2:$S$595,11,0) -> #N/A | L437: =VLOOKUP($B437,master!$B$2:$S$595,12,0) -> #N/A | M437: =VLOOKUP($B437,master!$B$2:$S$595,6,0) -> #N/A | N437: =VLOOKUP($B437,master!$B$2:$S$595,15,0) -> #N/A | O437: =VLOOKUP($B437,master!$B$2:$S$595,4,0) -> #N/A
A438: 437 | E438: =VLOOKUP(D438,Total!$C$2:$D$439,2,0) -> #N/A | F438: =VLOOKUP(C438,Total!$B$2:$F$439,5,0) -> #N/A | G438: =VLOOKUP($B438,master!$B$2:$S$595,16,0) -> #N/A | H438: =VLOOKUP($B438,master!$B$2:$S$595,17,0) -> #N/A | I438: =VLOOKUP($B438,master!$B$2:$S$595,8,0) -> #N/A | J438: =VLOOKUP($B438,master!$B$2:$S$595,9,0) -> #N/A | K438: =VLOOKUP($B438,master!$B$2:$S$595,11,0) -> #N/A | L438: =VLOOKUP($B438,master!$B$2:$S$595,12,0) -> #N/A | M438: =VLOOKUP($B438,master!$B$2:$S$595,6,0) -> #N/A | N438: =VLOOKUP($B438,master!$B$2:$S$595,15,0) -> #N/A | O438: =VLOOKUP($B438,master!$B$2:$S$595,4,0) -> #N/A
A439: 438 | E439: =VLOOKUP(D439,Total!$C$2:$D$439,2,0) -> #N/A | F439: =VLOOKUP(C439,Total!$B$2:$F$439,5,0) -> #N/A | G439: =VLOOKUP($B439,master!$B$2:$S$595,16,0) -> #N/A | H439: =VLOOKUP($B439,master!$B$2:$S$595,17,0) -> #N/A | I439: =VLOOKUP($B439,master!$B$2:$S$595,8,0) -> #N/A | J439: =VLOOKUP($B439,master!$B$2:$S$595,9,0) -> #N/A | K439: =VLOOKUP($B439,master!$B$2:$S$595,11,0) -> #N/A | L439: =VLOOKUP($B439,master!$B$2:$S$595,12,0) -> #N/A | M439: =VLOOKUP($B439,master!$B$2:$S$595,6,0) -> #N/A | N439: =VLOOKUP($B439,master!$B$2:$S$595,15,0) -> #N/A | O439: =VLOOKUP($B439,master!$B$2:$S$595,4,0) -> #N/A
A440: 439 | E440: =VLOOKUP(D440,Total!$C$2:$D$439,2,0) -> #N/A | F440: =VLOOKUP(C440,Total!$B$2:$F$439,5,0) -> #N/A | G440: =VLOOKUP($B440,master!$B$2:$S$595,16,0) -> #N/A | H440: =VLOOKUP($B440,master!$B$2:$S$595,17,0) -> #N/A | I440: =VLOOKUP($B440,master!$B$2:$S$595,8,0) -> #N/A | J440: =VLOOKUP($B440,master!$B$2:$S$595,9,0) -> #N/A | K440: =VLOOKUP($B440,master!$B$2:$S$595,11,0) -> #N/A | L440: =VLOOKUP($B440,master!$B$2:$S$595,12,0) -> #N/A | M440: =VLOOKUP($B440,master!$B$2:$S$595,6,0) -> #N/A | N440: =VLOOKUP($B440,master!$B$2:$S$595,15,0) -> #N/A | O440: =VLOOKUP($B440,master!$B$2:$S$595,4,0) -> #N/A
A441: 440 | E441: =VLOOKUP(D441,Total!$C$2:$D$439,2,0) -> #N/A | F441: =VLOOKUP(C441,Total!$B$2:$F$439,5,0) -> #N/A | G441: =VLOOKUP($B441,master!$B$2:$S$595,16,0) -> #N/A | H441: =VLOOKUP($B441,master!$B$2:$S$595,17,0) -> #N/A | I441: =VLOOKUP($B441,master!$B$2:$S$595,8,0) -> #N/A | J441: =VLOOKUP($B441,master!$B$2:$S$595,9,0) -> #N/A | K441: =VLOOKUP($B441,master!$B$2:$S$595,11,0) -> #N/A | L441: =VLOOKUP($B441,master!$B$2:$S$595,12,0) -> #N/A | M441: =VLOOKUP($B441,master!$B$2:$S$595,6,0) -> #N/A | N441: =VLOOKUP($B441,master!$B$2:$S$595,15,0) -> #N/A | O441: =VLOOKUP($B441,master!$B$2:$S$595,4,0) -> #N/A
A442: 441 | E442: =VLOOKUP(D442,Total!$C$2:$D$439,2,0) -> #N/A | F442: =VLOOKUP(C442,Total!$B$2:$F$439,5,0) -> #N/A | G442: =VLOOKUP($B442,master!$B$2:$S$595,16,0) -> #N/A | H442: =VLOOKUP($B442,master!$B$2:$S$595,17,0) -> #N/A | I442: =VLOOKUP($B442,master!$B$2:$S$595,8,0) -> #N/A | J442: =VLOOKUP($B442,master!$B$2:$S$595,9,0) -> #N/A | K442: =VLOOKUP($B442,master!$B$2:$S$595,11,0) -> #N/A | L442: =VLOOKUP($B442,master!$B$2:$S$595,12,0) -> #N/A | M442: =VLOOKUP($B442,master!$B$2:$S$595,6,0) -> #N/A | N442: =VLOOKUP($B442,master!$B$2:$S$595,15,0) -> #N/A | O442: =VLOOKUP($B442,master!$B$2:$S$595,4,0) -> #N/A
A443: 442 | E443: =VLOOKUP(D443,Total!$C$2:$D$439,2,0) -> #N/A | F443: =VLOOKUP(C443,Total!$B$2:$F$439,5,0) -> #N/A | G443: =VLOOKUP($B443,master!$B$2:$S$595,16,0) -> #N/A | H443: =VLOOKUP($B443,master!$B$2:$S$595,17,0) -> #N/A | I443: =VLOOKUP($B443,master!$B$2:$S$595,8,0) -> #N/A | J443: =VLOOKUP($B443,master!$B$2:$S$595,9,0) -> #N/A | K443: =VLOOKUP($B443,master!$B$2:$S$595,11,0) -> #N/A | L443: =VLOOKUP($B443,master!$B$2:$S$595,12,0) -> #N/A | M443: =VLOOKUP($B443,master!$B$2:$S$595,6,0) -> #N/A | N443: =VLOOKUP($B443,master!$B$2:$S$595,15,0) -> #N/A | O443: =VLOOKUP($B443,master!$B$2:$S$595,4,0) -> #N/A
A444: 443 | E444: =VLOOKUP(D444,Total!$C$2:$D$439,2,0) -> #N/A | F444: =VLOOKUP(C444,Total!$B$2:$F$439,5,0) -> #N/A | G444: =VLOOKUP($B444,master!$B$2:$S$595,16,0) -> #N/A | H444: =VLOOKUP($B444,master!$B$2:$S$595,17,0) -> #N/A | I444: =VLOOKUP($B444,master!$B$2:$S$595,8,0) -> #N/A | J444: =VLOOKUP($B444,master!$B$2:$S$595,9,0) -> #N/A | K444: =VLOOKUP($B444,master!$B$2:$S$595,11,0) -> #N/A | L444: =VLOOKUP($B444,master!$B$2:$S$595,12,0) -> #N/A | M444: =VLOOKUP($B444,master!$B$2:$S$595,6,0) -> #N/A | N444: =VLOOKUP($B444,master!$B$2:$S$595,15,0) -> #N/A | O444: =VLOOKUP($B444,master!$B$2:$S$595,4,0) -> #N/A
A445: 444 | E445: =VLOOKUP(D445,Total!$C$2:$D$439,2,0) -> #N/A | F445: =VLOOKUP(C445,Total!$B$2:$F$439,5,0) -> #N/A | G445: =VLOOKUP($B445,master!$B$2:$S$595,16,0) -> #N/A | H445: =VLOOKUP($B445,master!$B$2:$S$595,17,0) -> #N/A | I445: =VLOOKUP($B445,master!$B$2:$S$595,8,0) -> #N/A | J445: =VLOOKUP($B445,master!$B$2:$S$595,9,0) -> #N/A | K445: =VLOOKUP($B445,master!$B$2:$S$595,11,0) -> #N/A | L445: =VLOOKUP($B445,master!$B$2:$S$595,12,0) -> #N/A | M445: =VLOOKUP($B445,master!$B$2:$S$595,6,0) -> #N/A | N445: =VLOOKUP($B445,master!$B$2:$S$595,15,0) -> #N/A | O445: =VLOOKUP($B445,master!$B$2:$S$595,4,0) -> #N/A
A446: 445 | E446: =VLOOKUP(D446,Total!$C$2:$D$439,2,0) -> #N/A | F446: =VLOOKUP(C446,Total!$B$2:$F$439,5,0) -> #N/A | G446: =VLOOKUP($B446,master!$B$2:$S$595,16,0) -> #N/A | H446: =VLOOKUP($B446,master!$B$2:$S$595,17,0) -> #N/A | I446: =VLOOKUP($B446,master!$B$2:$S$595,8,0) -> #N/A | J446: =VLOOKUP($B446,master!$B$2:$S$595,9,0) -> #N/A | K446: =VLOOKUP($B446,master!$B$2:$S$595,11,0) -> #N/A | L446: =VLOOKUP($B446,master!$B$2:$S$595,12,0) -> #N/A | M446: =VLOOKUP($B446,master!$B$2:$S$595,6,0) -> #N/A | N446: =VLOOKUP($B446,master!$B$2:$S$595,15,0) -> #N/A | O446: =VLOOKUP($B446,master!$B$2:$S$595,4,0) -> #N/A

Sheet master
A1: No | B1: Nomor Pendaftaran | C1: Nama Lengkap | D1: Tempat Lahir | E1: Tangal Lahir Siswa | F1: JeKel | G1: Nama Ortu | H1: Pekerjaan Ortu | I1: Dusun | J1: RT | K1: RW | L1: Kelurahan | M1: Kecamatan | N1: Kabupaten | O1: Prov | P1: Asal Sekolah | Q1: No Siswa | R1: No Ortu | S1: Pil 1
A2: 1 | B2: MSB25-00-001 | C2: FERISCHO RICKY SAPUTRA | D2: BANTUL | E2: 7-03-2010 | F2: L | G2: RUDIYANTO | H2: KARYAWAN SWASTA | I2: KEPUH | J2: 3 | K2: 0 | L2: MULYODADI | M2: BAMBANGLIPURO | N2: BANTUL | O2: DIY | P2: SMP MUHAMMADIYAH 1 BAMBANGLIPURO | Q2: 083113003554 | S2: TBSM
A3: 2 | B3: MSB25-00-002 | C3: AFGA DWI CAHYO | D3: BANTUL | E3: 28-08-2010 | F3: L | G3: SUGIWIYANA | H3: PETANI | I3: PALIHAN | J3: 3 | K3: 0 | L3: SIDOMULYO | M3: BAMBANGLIPURO | N3: BANTUL | O3: DIY | P3: SMP N 1 BAMBANGLIPURO | Q3: 087804842540 | S3: TBSM
A4: 3 | B4: MSB25-00-003 | C4: DWI RIZIQI NUGROHO | D4: BANTUL | E4: 20-03-2010 | F4: L | G4: MUDAKIR | H4: buruh | I4: PELEMSEWU | J4: 5 | K4: 0 | L4: PANGGUNGHARJO | M4: SEWON | N4: BANTUL | O4: DIY | P4: SMP MUHAMMADIYAH SEWON | Q4: 08972189566 | S4: TKR
A5: 4 | B5: MSB25-00-004 | C5: ARFIYAN RIZKY KURNIAWAN | D5: BANTUL | E5: 20-11-2009 | F5: L | G5: ARIYONO | H5: BURUH | I5: BOLON | J5: 4 | K5: 0 | L5: PALBAPANG | M5: BANTUL | N5: BANTUL | O5: DIY | P5: SMP N 3 BANTUL | Q5: 085713331085 | S5: TBSM
A6: 5 | B6: MSB25-00-005 | C6: RIFQI ILHAM PRATAMA | D6: BANTUL | E6: 13-03-2010 | F6: L | G6: RINTOKO | H6: BURUH | I6: MONGGANG | J6: 6 | K6: 0 | L6: SRIHARDONO | M6: PUNDONG | N6: BANTUL | O6: DIY | P6: SMP N 1 PUNDONG | Q6: 085759121667 | S6: TKR
A7: 6 | B7: MSB25-00-006 | C7: FAHRIZAL TEGAR DWI SANTOSO | D7: BANTUL | E7: 9-03-2010 | F7: L | G7: PURWADI SANTOSO | H7: BURUH | I7: KADIBESO | J7: 3 | K7: 0 | L7: SABDODADI | M7: BANTUL | N7: BANTUL | O7: DIY | P7: SMP N 3 BANTUL | Q7: 087839467341 | S7: TBSM
A8: 7 | B8: MSB25-00-007 | C8: BAHRUL ULUM NAFI | D8: BANTUL | E8: 11-01-2010 | F8: L | G8: SUGIONO | H8: JUALAN | I8: PEPE | J8: 1 | L8: TRIRENGGO | M8: BANTUL | N8: BANTUL | O8: DIY | P8: SMP PANCASILA KRIAN | Q8: 085732030340 | S8: TKR
A9: 8 | B9: MSB25-00-008 | C9: RAKA DWI ANDIKA | D9: BANTUL | E9: 4-06-2009 | F9: L | G9: NURYADI | H9: BURUH | I9: KRAPYAK KULON | J9: 1 | K9: 0 | L9: PANGGUNGHARJO | M9: SEWON | N9: BANTUL | O9: DIY | P9: SMP N 4 SEWON | Q9: 081359510458 | S9: TKR
A10: 9 | B10: MSB25-00-009 | C10: DIMAS PUTRA PRATAMA | D10: BANTUL | E10: 8-07-2009 | F10: L | G10: SLAMET | H10: BURUH | I10: PANJANG | J10: 2 | K10: 0 | L10: PANJANGREJO | M10: PUNDONG | N10: BANTUL | O10: DIY | P10: SMP N 1 PUNDONG | Q10: 08995080974 | S10: TKR
A11: 10 | B11: MSB25-00-010 | C11: MUHAMMAD ALIF ERFANURDIANSYAH | D11: BANTUL | E11: 21-09-2009 | F11: L | G11: KUN FAYADI | H11: BURUH | I11: CEPOR KIDUL | J11: 5 | K11: 0 | L11: PALBAPANG | M11: BANTUL | N11: BANTUL | O11: DIY | P11: SMP MUHAMMADIYAH 2 BAMBANGLIPURO | Q11: 085727740015 | S11: TBSM
A12: 11 | B12: MSB25-00-011 | C12: GALANG FIRMAN SAPUTRA | D12: BANTUL | E12: 7-01-2010 | F12: L | G12: GUNARDI | H12: BURUH | I12: CEPOR KIDUL | J12: 5 | K12: 0 | L12: PALBAPANG | M12: BANTUL | N12: BANTUL | O12: DIY | P12: SMP N 3 BANTUL | Q12: 087838738900 | S12: TBSM
A13: 12 | B13: MSB25-00-012 | C13: BIMO FAJAR KUSUMA | D13: BANTUL | E13: 31-03-2010 | F13: L | G13: TUKIJAN | H13: BURUH | I13: MANDING | J13: 3 | K13: 0 | L13: SABDODADI | M13: BANTUL | N13: BANTUL | O13: DIY | P13: SMP MUHAMMADIYAH BANTUL | Q13: 0895325667873 | S13: TBSM
A14: 13 | B14: MSB25-00-013 | C14: AGUS DWI RIYANTO | D14: BANTUL | E14: 15-08-2008 | F14: L | G14: MURDIMAN | H14: BURUH | I14: GANDEKAN | J14: 1 | K14: 0 | L14: TRIRENGGO | M14: BANTUL | N14: BANTUL | O14: DIY | P14: SMP ISLAM PRESTASI | Q14: 089504591520 | S14: TKR
A15: 14 | B15: MSB25-00-014 | C15: SATRIA RAKA ADE PRASETYO | D15: BANTUL | E15: 24-01-2010 | F15: L | G15: KIRWANTO | H15: BURUH | I15: DAGEN | J15: 4 | K15: 0 | L15: RINGIN HARJO | M15: BANTUL | N15: BANTUL | O15: DIY | P15: SMP MUHAMMADIYAH BANTUL | Q15: 083846731305 | S15: TPM
A16: 15 | B16: MSB25-00-015 | C16: KANE SAVERO RIDHO YULIANTO | D16: BANTUL | E16: 13-10-2009 | F16: L | G16: AGUS YULIANTO | H16: WIRASWASTA | I16: KARASAN | J16: 2 | K16: 0 | L16: PALBAPANG | M16: BANTUL | N16: BANTUL | O16: DIY | P16: SMP N 1 BAMBANGLIPURO | Q16: 082223236576 | S16: TPM
A17: 16 | B17: MSB25-00-016 | C17: HURIN NA'IMAH | D17: BANTUL | E17: 7-01-2010 | F17: P | G17: ABDUL HAMID | H17: BURUH | I17: JODOG | J17: 5 | K17: 0 | L17: GILANGHARJO | M17: PANDAK | N17: BANTUL | O17: DIY | P17: SMP N 3 PANDAK | Q17: 085712643658 | S17: TKR
A18: 17 | B18: MSB25-00-017 | C18: MUHAMMAD ABBAD ADZ DZAKA | D18: GRESIK | E18: 3-01-2010 | F18: L | G18: SUTARDI | H18: WIRASWASTA | I18: KLEMBON | J18: 4 | K18: 0 | L18: TRIRENGGO | M18: BANTUL | N18: BANTUL | O18: DIY | P18: MTs N 4 BANTUL | Q18: 087846631667 | S18: TBSM
A19: 18 | B19: MSB25-00-018 | C19: FAUZ EGA RAMADHAN | D19: BANTUL | E19: 12-09-2009 | F19: L | G19: PONIDI | H19: BURUH | I19: SOKA | J19: 1 | K19: 0 | L19: SELOHARJO | M19: PUNDONG | N19: BANTUL | O19: DIY | P19: SMP N 1 PUNDONG | Q19: 085640939299 | S19: TBSM
A20: 19 | B20: MSB25-00-019 | C20: RAFAEL RIVIANSYAH | D20: BANTUL | E20: 26-07-2009 | F20: L | G20: RISYANTO | H20: BURUH | I20: MASAHAN | J20: 3 | K20: 0 | L20: TRIRENGGO | M20: BANTUL | N20: BANTUL | O20: DIY | P20: SMP N 3 BANTUL | Q20: 085700549872 | S20: TBSM
... A45: 44 | B45: MSB25-00-044 | C45: RAFKA ANDARA PRADANA | D45: BANTUL | E45: 2-08-2009 | F45: L | G45: SRI SUTRISNI | H45: BURUH | I45: NOGOSARI, KREKAH | J45: 8 | K45: 0 | L45: GILANGHARJO | M45: PANDAK | N45: BANTUL | O45: DIY | P45: SMP N 4 PANDAK | Q45: 087738504843 | S45: TBSM
A46: 45 | B46: MSB25-00-045 | C46: AJI SAKA PRATAMA | D46: SEKAMPUNG | E46: 29-11-2009 | F46: L | G46: IRHAN | H46: IRT | I46: DEPOK | J46: 2 | L46: BANTUL | M46: BANTUL | N46: BANTUL | O46: DIY | P46: SMP N 32 OGAN KOMERING ULU | Q46: 085664315830 | S46: RPL
A47: 46 | B47: MSB25-00-046 | C47: ADRIAN REZKY SAPUTRA | D47: BANTUL | E47: 1-11-2009 | F47: L | G47: HARWADI | H47: BURUH | I47: GEDONGAN | J47: 6 | K47: 0 | L47: BANGUNJIWO | M47: KASIHAN | N47: BANTUL | O47: DIY | P47: SMP MUHAMMADIYAH SEWON | Q47: 0895359379580 | S47: TBSM
A48: 47 | B48: MSB25-00-047 | C48: ARDELL MAHENDRA YOVAN PRAMUDITA | D48: YOGYAKARTA | E48: 20-06-2009 | F48: L | G48: WAWAN PRAMUDI | H48: PERCETAKAN | I48: SEMAIL | J48: 1 | K48: 0 | L48: BANGUNHARJO | M48: SEWON | N48: BANTUL | O48: DIY | P48: SMP MUHAMMADIYAH 9 YOGYAKARTA | Q48: 0882005445523 | S48: TBSM
A49: 48 | B49: MSB25-00-048 | C49: AHMAD HAFIZ MAULANA | D49: YOGYAKARTA | E49: 9-10-2009 | F49: L | G49: SUNARTA | H49: WIRASWASTA | I49: PASUTAN | J49: 2 | K49: 0 | L49: TRIRENGGO | M49: BANTUL | N49: BANTUL | O49: DIY | P49: SMP N 2 BANTUL | Q49: 082220545206 | S49: TBSM
A50: 49 | B50: MSB25-00-049 | C50: RAFLI ADRIANSYAH | D50: BANTUL | E50: 11-06-2009 | F50: L | G50: AGUNG BUDI SANTOSO | H50: buruh | I50: SOMPOK | J50: 6 | K50: 0 | L50: SRIHARJO | M50: IMOGIRI | N50: BANTUL | O50: DIY | P50: SMP N 3 IMOGIRI | Q50: 083104813503 | S50: TKR
A51: 50 | B51: MSB25-00-050 | C51: MUHAMMAD NAFI' NASYWAN | D51: BANTUL | E51: 21-07-2009 | F51: L | G51: ESTO WIDARMONO | H51: BURUH | I51: BOGORAN | J51: 3 | K51: 0 | L51: TRIRENGGO | M51: BANTUL | N51: BANTUL | O51: DIY | P51: SMP N 3 BANTUL | Q51: 081910782108 | S51: TBSM
A52: 51 | B52: MSB25-00-051 | C52: RAFFA ADITYA | D52: BANTUL | E52: 28-10-2009 | F52: L | G52: ASTONI | H52: KARYAWAN SWASTA | I52: JUWONO | J52: 3 | K52: 0 | L52: TRIHARJO | M52: PANDAK | N52: BANTUL | O52: DIY | P52: SMP MUHAMMADIYAH BANTUL | Q52: 089656453813 / 087839465005 | S52: TBSM
A53: 52 | B53: MSB25-00-052 | C53: RIZKI NUR FAHRIZAL | D53: BANTUL | E53: 20-05-2010 | F53: L | G53: IMAM SYAFI'I | H53: BURUH | I53: TEGALSEMPU | J53: 2 | K53: 0 | L53: CATURHARJO | M53: PANDAK | N53: BANTUL | O53: DIY | P53: SMP N 2 PANDAK | Q53: 0895392686027 | S53: RPL
A54: 53 | B54: MSB25-00-053 | C54: MUHAMMAD NUFAIL AL MUFADHDHOL WIBOWO | D54: BANTUL | E54: 21-08-2009 | F54: L | G54: AGUS ARI WIBOWO | H54: WIRASWASTA | I54: PADOKAN LOR | J54: 6 | K54: 0 | L54: TIRTONIRMOLO | M54: KASIHAN | N54: BANTUL | O54: DIY | P54: Pondok Pesantren Al-Manar Pengasih | Q54: 089536303659 | S54: TKR
A55: 54 | B55: MSB25-00-054 | C55: NUR ADITIYA | D55: BANTUL | E55: 30-08-2009 | F55: L | G55: KARIM | H55: WIRASWASTA | I55: BUNGSING | J55: 2 | K55: 0 | L55: GUWOSARI | M55: PAJANGAN | N55: BANTUL | O55: DIY | P55: MTs AL-FURQON SANDEN | Q55: 083129247822 | S55: TBSM
A56: 55 | B56: MSB25-00-055 | C56: RISKI AJI PRATAMA | D56: BANTUL | E56: 8-07-2010 | F56: L | G56: PARJIYONO | H56: BURUH | I56: SUMURAN | J56: 1 | K56: 0 | L56: PALBAPANG | M56: BANTUL | N56: BANTUL | O56: DIY | P56: MTs N 4 BANTUL | Q56: 085800724288 | S56: TPM
A57: 56 | B57: MSB25-00-056 | C57: MUHAMMAD RIDWAN | D57: BANTUL | E57: 11-05-2009 | F57: L | G57: PARJIYANTO | H57: BURUH | I57: WIDORO | J57: 1 | K57: 0 | L57: BANGUNHARJO | M57: SEWON | N57: BANTUL | O57: DIY | P57: SMP N 1 SEWON | Q57: 0895622718028 | S57: TBSM
A58: 57 | B58: MSB25-00-057 | C58: RIZKI SINGGIH WIJAYA | D58: BANTUL | E58: 1-09-2009 | F58: L | G58: RUSWINARTA | H58: WIRASWASTA | I58: BODO WALUH | J58: 6 | K58: 0 | L58: SRIHARDONO | M58: PUNDONG | N58: BANTUL | O58: DIY | P58: SMP N 1 PUNDONG | Q58: 087822109510 | S58: TBSM
... A67: 66 | B67: MSB25-00-066 | C67: NOVA EKA PUNTOWIJAYA | D67: BANTUL | E67: 9-11-2009 | F67: L | G67: OKTAVI IKA CANDRAYANI | H67: IRT | I67: JARANAN | J67: 1 | K67: 0 | L67: PANGGUNGHARJO | M67: SEWON | N67: BANTUL | O67: DIY | P67: SMP MUHAMMADIYAH SEWON | Q67: 089619472518 | S67: TKR
A68: 67 | B68: MSB25-00-067 | C68: ADHITYA PRATAMA | D68: BANTUL | E68: 3-02-2009 | F68: L | G68: Suryanta | H68: BURUH | I68: KADISORO | J68: 04 | K68: 00 | L68: GILANGHARJO | M68: PANDAK | N68: BANTUL | O68: dIY | P68: SMP N 3 PANDAK | Q68: 083149680849 | R68: 089699569061 | S68: TBSM
A69: 68 | B69: MSB25-00-068 | C69: MUHAMMAD IRFAN RABBANI ISKHAK | D69: BANTUL | E69: 11-10-2009 | F69: L | G69: ZAINURRACHMAT | H69: HONORER BALAI DESA | I69: DALEMAN | J69: 02 | L69: GADINGHARJO | M69: SANDEN | N69: BANTUL | O69: DIY | P69: SMP N 2 SANDEN | Q69: 082137372466 | R69: 081227392047 | S69: TPM
A70: 69 | B70: MSB25-00-070 | C70: IHSAN NUR RIDWAN | D70: BANTUL | E70: 7-08-2009 | F70: L | G70: PARJIYANA | H70: BURUH | I70: CENGKIRAN | J70: 07 | K70: - | L70: TRIHARJO | M70: PANDAK | N70: BANTUL | O70: DIY | P70: SMP N 3 PANDAK | Q70: 081905305001 | R70: 081225878611 | S70: TPM
A71: 70 | B71: MSB25-00-071 | C71: MUHAMMAD FAHRIZAL ARFANI | D71: BANTUL | E71: 12-10-2009 | F71: L | G71: ACHMAD FAUZI | H71: BURUH | I71: SORONANGGAN | J71: 3 | K71: 0 | L71: PANJANGREJO | M71: PUNDONG | N71: BANTUL | O71: DIY | P71: MTS N 5 BANTUL | Q71: 085934821345 | R71: - | S71: TBSM
A72: 71 | B72: MSB25-00-072 | C72: ARDARAJA MUKTI PUTRA | D72: BANTUL | E72: 13-04-2009 | F72: L | G72: Ary Setyowulan | H72: BURUH | I72: KADISORO | J72: 04 | K72: 00 | L72: GILANGHARJO | M72: PANDAK | N72: BANTUL | O72: dIY | P72: SMP N 1 PANDAK | Q72: 083104513625 | R72: 085868581030 | S72: TBSM
A73: 72 | B73: MSB25-00-073 | C73: ANAN HERLAMBANG | D73: BANTUL | E73: 30-06-2009 | F73: L | G73: MISRI | H73: WIRASWASTA | I73: KADISORO | J73: 04 | K73: - | L73: GILANGHARJO | M73: PANDAK | N73: BANTUL | O73: DIY | P73: SMP N 3 PANDAK | Q73: 085727300148 | R73: 085643820675 | S73: TBSM
A74: 73 | B74: MSB25-00-074 | C74: FADLI SYAIFUDIN ILHAM | D74: BANTUL | E74: 30-09-2009 | F74: L | G74: KIRMAJI | H74: BURUH | I74: KWEDEN | J74: 1 | L74: TRIRENGGO | M74: BANTUL | N74: BANTUL | O74: DIY | P74: SMP N 3 BANTUL | Q74: 089508053351 | R74: 089671718685 | S74: TKR
A75: 74 | B75: MSB25-00-075 | C75: KRISNA PUTRA CAHYA NUGRAHA | D75: BANTUL | E75: 16-12-2009 | F75: L | G75: RISTIYANTI | H75: PEDAGANG | I75: GUMUK | J75: 1 | L75: RINGINHARJO | M75: BANTUL | N75: BANTUL | O75: DIY | P75: SMP MUHAMMADIYAH BANTUL | Q75: 0895422404700 | R75: 089506581673 | S75: TBSM
A76: 75 | B76: MSB25-00-076 | C76: MUHAMMAD FAIQ ADABY | D76: BANTUL | E76: 26-03-2009 | F76: L | G76: WIDAYATI | H76: WIRASWASTA | I76: DAGEN GUMUK | J76: 04 | K76: 00 | L76: RINGINHARJO | M76: BANTUL | N76: BANTUL | O76: dIY | P76: SMP N 3 BANTUL | Q76: 089526014422 | R76: 0895327601798 | S76: TBSM
A77: 76 | B77: MSB25-00-077 | C77: FAREL ADITYA PRATAMA | D77: CIAMIS | E77: 16-03-2010 | F77: L | G77: NURDIYONO | H77: KARYAWAN SWASTA | I77: MAYUNGAN I | J77: 1 | K77: 0 | L77: MURTIGADING | M77: SANDEN | N77: BANTUL | O77: DIY | P77: SMP N 2 SANDEN | Q77: 088226932071 | R77: 088226932071 | S77: TPM
A78: 77 | B78: MSB25-00-078 | C78: SATRIA TUNGGAL PUTRA PERDANA | D78: BANTUL | E78: 7-08-2009 | F78: L | G78: YUANA | H78: BURUH | I78: GUMUK | J78: 2 | L78: RINGINHARJO | M78: BANTUL | N78: BANTUL | O78: DIY | P78: SMP N 3 BANTUL | Q78: 0895339930524 | R78: 0895418929230 | S78: TKR
A79: 78 | B79: MSB25-00-079 | C79: SENDY MAULANA PUTRA | D79: BANTUL | E79: 6-05-2010 | F79: L | G79: Suripto | H79: BURUH | I79: PAGUNG | J79: 04 | K79: 00 | L79: TIRTOMULYO | M79: KRETEK | N79: BANTUL | O79: dIY | P79: SMP MUHAMMADIYAH KRETEK | Q79: 083840067252 | R79: 0882007350594 | S79: TKR
A80: 79 | B80: MSB25-00-080 | C80: ALPIN CANDRA BAGASKARA | D80: BANTUL | E80: 25-02-2010 | F80: L | G80: ARYANTA | H80: BURUH | I80: PULUHAN KIDUL | J80: 52 | K80: 0 | L80: TRIMURTI | M80: SRANDAKAN | N80: BANTUL | O80: DIY | P80: SMP N 1 SRANDAKAN | Q80: 081809699898 | R80: 089653507563 | S80: TKR
A81: 80 | B81: MSB25-00-081 | C81: RAIHAN SIGIT PURNAMA | D81: BANTUL | E81: 31-12-2009 | F81: L | G81: AGUS ARI PURWANTO | H81: BURUH | I81: DERESAN | J81: 6 | K81: 0 | L81: RINGINHARJO | M81: BANTUL | N81: BANTUL | O81: DIY | P81: SMP N 2 BANTUL | Q81: - | R81: 085842337308 | S81: RPL
A82: 81 | B82: MSB25-00-082 | C82: RAFFA ADILLA PRADITA | D82: BANTUL | E82: 8-09-2009 | F82: L | G82: LANNY PRABERTI SARI | H82: WIRASWASTA | I82: TEGAL SEMPU | J82: 2 | K82: 0 | L82: CATURHARJO | M82: PANDAK | N82: BANTUL | O82: DIY | P82: SMP N 2 PANDAK | Q82: 081904004042 | R82: 081326112480 | S82: RPL
A83: 82 | B83: MSB25-00-083 | C83: NAUFAL MURTADHA | D83: BANTUL | E83: 24-04-2009 | F83: L | G83: BRANTI MURINI | H83: BURUH | I83: GEDONGAN | J83: 1 | K83: 0 | L83: SRIGADING | M83: SANDEN | N83: BANTUL | O83: DIY | P83: SMP N 2 SANDEN | Q83: 081931186867 | R83: 081931186867 | S83: TKR
A84: 83 | B84: MSB25-00-084 | C84: OCTAVIANO RIZKY TRI SAPUTRA | D84: BANTUL | E84: 24-10-2009 | F84: L | G84: MARYADI | H84: BURUH | I84: JAGAN | J84: 6 | K84: 0 | L84: CANDEN | M84: JETIS | N84: BANTUL | O84: DIY | P84: SMP N 3 JETIS | Q84: 085729799971 | R84: - | S84: TBSM
A85: 84 | B85: MSB25-00-085 | C85: RAHMAT ANDREW SAPUTRA | D85: BANTUL | E85: 3-09-2009 | F85: L | G85: AGUS NUR kHOLIQ | H85: BURUH | I85: dERMOJURANG | J85: 01 | K85: - | L85: SELOHARJO | M85: PUNDONG | N85: BANTUL | O85: DIY | P85: SMP N 2 PUNDONG | Q85: 085725732985 | R85: 088226318266 | S85: TKR
A86: 85 | B86: MSB25-00-086 | C86: OKTAZA DWI UTAMA | D86: BANTUL | E86: 10-10-2010 | F86: L | G86: SANI | H86: BURUH | I86: KARANGASEM | J86: 3 | K86: 0 | L86: SELOHARJO | M86: PUNDONG | N86: BANTUL | O86: DIY | P86: SMP N 1 PUNDONG | Q86: 089668429130 | R86: 089668429130 | S86: TKR
A87: 86 | B87: MSB25-00-087 | C87: RIZAL FADHIL DZAKWAN | D87: BANTUL | E87: 4-03-2010 | F87: L | G87: SARNYOTO | H87: BURUH | I87: PLUMUTAN | J87: 3 | K87: 0 | L87: MULYODADI | M87: BAMBANGLIPURO | N87: BANTUL | O87: DIY | P87: SMP N 1 KRETEK | Q87: 083176496094 | R87: 0882007610680 | S87: TBSM
A88: 87 | B88: MSB25-00-088 | C88: DIMAS WAHYUGA | D88: BANTUL | E88: 3-06-2010 | F88: L | G88: nOVI | H88: BURUH | I88: NOGOSARI | J88: 3 | K88: 0 | L88: TRIRENGGO | M88: BANTUL | N88: BANTUL | O88: DIY | P88: SMP MUHAMMADIYAH BANTUL | Q88: 087739447622 | R88: 083813731414 | S88: TBSM
A89: 88 | B89: MSB25-00-089 | C89: MIKHAILL PRINOTA | D89: BANTUL | E89: 17-09-2009 | F89: L | G89: NOVITA DAMAYANTI | H89: BURUH | I89: PAGUNG | J89: 4 | K89: 0 | L89: TIRTOMULYO | M89: KRETEK | N89: BANTUL | O89: DIY | P89: SMP N 1 BAMBANGLIPURO | Q89: - | R89: 088806060618 | S89: TKR
A90: 89 | B90: MSB25-00-090 | C90: DAFIN JUWIANANTA | D90: BANTUL | E90: 30-06-2010 | F90: L | G90: JUMAKIR | H90: PETANI | I90: PAGUNG | J90: 4 | K90: 0 | L90: TIRTOMULYO | M90: KRETEK | N90: BANTUL | O90: DIY | P90: SMP N 1 KRETEK | Q90: - | R90: 088806060618 | S90: TKR
A91: 90 | B91: MSB25-00-091 | C91: AHMAD FARID PRASETYO | D91: BANTUL | E91: 24-10-2009 | F91: L | G91: SUPARJIAYANTO | H91: BURUH | I91: WATU | J91: 5 | K91: 0 | L91: PANJANGREJO | M91: PUNDONG | N91: BANTUL | O91: DIY | P91: SMP N 1 PUNDONG | Q91: 081225973514 | R91: 082328026645 | S91: TKR
A92: 91 | B92: MSB25-00-092 | C92: JANU SURYA PUTRA ERISHA | D92: BANTUL | E92: 26-01-2010 | F92: L | G92: RIYANTI | H92: BURUH | I92: KARANGGAYAM | J92: 3 | L92: BANTUL | M92: BANTUL | N92: BANTUL | O92: DIY | P92: MTS N 4 BANTUL | Q92: 085520943877 | R92: 0882005884048 | S92: TAV
A93: 92 | B93: MSB25-00-093 | C93: GARDA LABHA WIBOWO | D93: BANTUL | E93: 26-01-2010 | F93: L | G93: GENTO WIBOWO | H93: PENSIUNAN PNS | I93: BANTUL KARANG | J93: 04 | K93: - | L93: BANTUL | M93: BANTUL | N93: BANTUL | O93: DIY | P93: SMP MUHAMMADIYAH BANTUL | Q93: 087739136658 | R93: 085171595466 | S93: TKR
A94: 93 | B94: MSB25-00-094 | C94: FAIQUNA RIZQI | D94: BANTUL | E94: 27-01-2010 | F94: L | G94: Maryatno | H94: PERANGKAT DESA | I94: KARANGMOJO | J94: 02 | K94: 00 | L94: TRIRENGGO | M94: BANTUL | N94: BANTUL | O94: DIY | P94: SMP Islam Prestasi Al Mubtadi-ien | Q94: 085274121614 | R94: 00 | S94: TKR
A95: 94 | B95: MSB25-00-095 | C95: AULIA MEIKA PUTRI ARSYA | D95: KULONPROGO | E95: 9-05-2010 | F95: P | G95: ARI KURNIAWATI | H95: IBU RUMAH TANGGA | I95: GUPIT | J95: 17 | L95: KARANG SEWU | M95: GALUR | N95: KULON PROGO | O95: DIY | P95: SMP MUHAMMADIYAH 1 LENDAH | Q95: 081392282258 | R95: 081392282258 | S95: RPL
A96: 95 | B96: MSB25-00-096 | C96: WAKHID AVATURRAHMAN | D96: BANTUL | E96: 19-05-2009 | F96: L | G96: akit nugroho | H96: WIRASWASTA | I96: GEDONGSARI | J96: 05 | K96: 00 | L96: WIJIREJO | M96: PANDAK | N96: BANTUL | O96: dIY | P96: SMP MUHAMMADIYAH BANTUL | Q96: 082225612033 | R96: 082223190090 | S96: TBSM
A97: 96 | B97: MSB25-00-097 | C97: LOTICK YUDHA SAPUTRA | D97: BANTUL | E97: 24-12-2009 | F97: L | G97: yudi wasito | H97: BURUH | I97: BEBEKAN | J97: 01 | L97: GILANGHARJO | M97: PANDAK | N97: BANTUL | O97: DIY | P97: SMP N 1 PANDAK | Q97: 0895339943236 | R97: 088983818694 | S97: TKR
A98: 97 | B98: MSB25-00-098 | C98: ZULANO FARIS HABIBI PUTRA | D98: BANTUL | E98: 21-07-2009 | F98: L | G98: NUR APRI WULANDARI | H98: ASN | I98: SRUWUH | J98: 41 | K98: 0 | L98: DONOTIRTO | M98: KRETEK | N98: BANTUL | O98: DIY | P98: SMP N 1 KRETEK | Q98: 087889252025 | R98: 085803519772 | S98: TKR
A99: 98 | B99: MSB25-00-099 | C99: OKTO NURMAWAN | D99: BANTUL | E99: 27-10-2009 | F99: L | G99: SLAMET MULYADI | H99: BURUH | I99: MANGIR LOR | J99: 4 | K99: 0 | L99: SENDANGSARI | M99: PAJANGAN | N99: BANTUL | O99: DIY | P99: SMP N 1 BAMBANGLIPURO | Q99: - | R99: 08998405176 | S99: TKR
A100: 99 | B100: MSB25-00-100 | C100: ANDIKA BAYU NUR ALIF | D100: GUNUNGKIDUL | E100: 26-11-2008 | F100: L | G100: DINI SUSANTI | H100: BURUH | I100: GABUG | J100: 1 | K100: 1 | L100: GIRICAHYO | M100: PURWOSARI | N100: GUNUNGKIDUL | O100: DIY | P100: SMP N 2 PURWOSARI | Q100: 081259674658 | R100: 0882003284441 | S100: TBSM
A101: 100 | B101: MSB25-00-101 | C101: RAZIN AFIF PRASETYO | D101: BANTUL | E101: 1-08-2010 | F101: L | G101: EKO PRASTYO | H101: HONORER | I101: PEPE | J101: 04 | K101: - | L101: TRIRENGGO | M101: BANTUL | N101: BANTUL | O101: DIY | P101: SMP MUHAMMADIYAH BANTUL | Q101: 081393044040 | R101: 083150030944 | S101: RPL
A102: 101 | B102: MSB25-00-102 | C102: MOHAMMAD FABIAN WAHYU MUKTI | D102: GRESIK | E102: 28-11-2009 | F102: L | G102: MUHTIJAN | H102: WIRASWASTA | I102: CELEP | J102: 6 | K102: 0 | L102: SRIGADING | M102: SANDEN | N102: BANTUL | O102: DIY | P102: MTS MUHAMMADIYAH SANDEN | Q102: 0895422305204 | R102: 089646887020 | S102: TPM
A103: 102 | B103: MSB25-00-103 | C103: UTSMAN | D103: SLEMAN | E103: 26-03-2009 | F103: L | G103: Ridwan Sutrisno / Sarah Adibah | H103: WIRASWASTA | I103: BRAJAN | J103: 6 | L103: TAMANTIRTO | M103: KASIHAN | N103: BANTUL | O103: DIY | P103: Ponpes Riyadhul Qur'an Pajangan | Q103: 081391646454 | R103: 08139164654 | S103: RPL
A104: 103 | B104: MSB25-00-104 | C104: ALFIAN RAMADHAN HERLAMBANG | D104: BANTUL | E104: 22-08-2009 | F104: L | G104: DARA WIDYA PALUPI | H104: PERANGKAT DESA | I104: NOGOSARI | J104: 7 | K104: 0 | L104: TRIRENGGO | M104: BANTUL | N104: BANTUL | O104: DIY | P104: SMP SMP BILINGUAL TERPADU | Q104: 085624056664 | R104: 081931662504 | S104: RPL
A105: 104 | B105: MSB25-00-105 | C105: RENO AL FALAQ | D105: BANTUL | E105: 12-06-2009 | F105: L | G105: BUDI LESTARI | H105: BURUH | I105: SERAYU | J105: 2 | K105: 0 | L105: BANTUL | M105: BANTUL | N105: BANTUL | O105: DIY | P105: PKBM BINA SEKAR MELATI | Q105: 0895405053272 | R105: 0895405053272 | S105: TPM
A106: 105 | B106: MSB25-00-106 | C106: AGUSTYAN PUTRA YUASTINO | D106: BANTUL | E106: 14-08-2009 | F106: L | G106: YURIYADI | H106: BURUH | I106: DADAPAN | J106: 2 | K106: 0 | L106: TIMBULHARJO | M106: SEWON | N106: BANTUL | O106: DIY | P106: MTS N 2 BANTUL | Q106: 081228663969 | R106: 088232500570 | S106: TPM
A107: 106 | B107: MSB25-00-108 | C107: DHENIA DEWA PRASETYA | D107: YOGYAKARTA | E107: 29-09-2009 | F107: L | G107: DEDHY DEWA PRASETYA | H107: BURUH | I107: JETIS | J107: 1 | K107: 0 | L107: TAMANTIRTO | M107: KASIHAN | N107: BANTUL | O107: DIY | P107: SMP MATARAM KASIHAN | Q107: 085643204648 | R107: 085728034036 | S107: TBSM
A108: 107 | B108: MSB25-00-110 | C108: AFRIANSYAH ALIF'FA SYAPUTRA | D108: BANTUL | E108: 24-04-2010 | F108: L | G108: WASIS GIANTO | H108: BURUH | I108: BONGSREN | J108: 007 | K108: 000 | L108: GILANGHARJO | M108: PANDAK | N108: BANTUL | O108: DIY | P108: SMP MUHAMMADIYAH BANTUL | Q108: 0817615638 | R108: 0816235938 | S108: TBSM
A109: 108 | B109: MSB25-00-111 | C109: VANO MARTHA GUSTAMA | D109: BANTUL | E109: 19-08-2009 | F109: L | G109: MARWANTO | H109: BURUH | I109: MAYUNGAN II | J109: 3 | K109: 0 | L109: MURTIGADING | M109: SANDEN | N109: BANTUL | O109: DIY | P109: SMP N 2 SANDEN | Q109: 082135442511 | R109: 085692349969 | S109: TKR
A110: 109 | B110: MSB25-00-112 | C110: ALFIN ARUL DEKKA MAHENDRA | D110: BANTUL | E110: 18-06-2010 | F110: L | G110: DARONI | H110: BURUH | I110: NGAGLIK | J110: 31 | K110: 0 | L110: PENDOWOHARJO | M110: SEWON | N110: BANTUL | O110: DIY | P110: SMP MUHAMMADIYAH SEWON | Q110: 089623040020 | R110: 089526419955 | S110: TKR
A111: 110 | B111: MSB25-01-114 | C111: NAZORA FIRDAUS ALFARIZI | D111: BANTUL | E111: 22-12-2009 | F111: L | G111: ISWANTO | H111: BURUH | I111: KARANGGEDE | J111: 02 | L111: GILANGHARJO | M111: PANDAK | N111: BANTUL | O111: DIY | P111: SMP N 4 PANDAK | Q111: 088216099876 | R111: 088216099876 | S111: TBSM
A112: 111 | B112: MSB25-01-115 | C112: DESTA PUTRA PRATAMA | D112: BANTUL | E112: 10-12-2009 | F112: L | G112: BUDI PRIYANTA | H112: BURUH | I112: JETIS | J112: 1 | K112: 0 | L112: TAMANTIRTO | M112: KASIHAN | N112: BANTUL | O112: DIY | P112: SMP MATARAM KASIHAN | Q112: 085725950180 | R112: 08818751743 | S112: TBSM
A113: 112 | B113: MSB25-01-116 | C113: MUHAMMAD AZHARU RAYHAN | D113: BANTUL | E113: 10-05-2010 | F113: L | G113: Panca Prasetyo | H113: KARYAWAN SWASTA | I113: TEGALSEMPU | J113: 01 | L113: CATURHARJO | M113: PANDAK | N113: BANTUL | O113: DIY | P113: SMP N 2 PANDAK | Q113: 085643879390 | R113: 085878259898 | S113: TKR
A114: 113 | B114: MSB25-01-117 | C114: MUHAMMAD IKHSAN NUGROHO | D114: YOGYAKARTA | E114: 19-04-2009 | F114: L | G114: SUDIYONO | H114: BURUH | I114: BOGORAN | J114: 1 | K114: 0 | L114: TRIRENGGO | M114: BANTUL | N114: BANTUL | O114: DIY | P114: MTS N 4 BANTUL | Q114: 085865703546 | R114: 085865703546 | S114: TAV
A115: 114 | B115: MSB25-01-118 | C115: DICKY FAHREIZY | D115: KULON PROGO | E115: 18-04-2009 | F115: L | G115: Priyogo rusdi asmono | H115: PETANI | I115: JATI | J115: 04 | K115: 02 | L115: BANARAN | M115: GALUR | N115: KULON PROGO | O115: DIY | P115: MTs Darul Ulum Muhammadiyah Galur | Q115: 082372506455 | R115: 082372506455 | S115: TKR
A116: 115 | B116: MSB25-01-119 | C116: SYAHFIRUN KENTHA ANGGORA | D116: BANTUL | E116: 7-03-2010 | F116: L | G116: SRIYANTO | H116: BURUH | I116: GEDONGAN | J116: 3 | K116: 0 | L116: SRIGADING | M116: SANDEN | N116: BANTUL | O116: DIY | P116: SMP N 2 SANDEN | Q116: 083148590980 | R116: 083148590980 | S116: TPM
A117: 116 | B117: MSB25-01-120 | C117: PRAMUDYA ARYA GILAR SAPUTRA | D117: BANTUL | E117: 19-01-2009 | F117: L | G117: ARIF SLAMET RIYADI | H117: WIRASWASTA | I117: MRISI | J117: 9 | K117: 0 | L117: TIRTONIRMOLO | M117: KASIHAN | N117: BANTUL | O117: DIY | P117: MTS MUHAMMADIYAH KASIHAN | Q117: 0882003778503 | R117: 0882003778503 | S117: TKR
A118: 117 | B118: MSB25-01-121 | C118: YOGI ADI RAHARJA | D118: BANTUL | E118: 10-07-2009 | F118: L | G118: MUJI HARJO | H118: WIRASWASTA | I118: KEDUNG | J118: 3 | K118: 0 | L118: GUWOSARI | M118: PAJANGAN | N118: BANTUL | O118: DIY | P118: MTs AL MA'HAD AN NUR | Q118: 085729609230 | R118: 085729609230 | S118: TKR
A119: 118 | B119: MSB25-01-122 | C119: ARDI YULI KURNIAWAN | D119: BANTUL | E119: 11-07-2008 | F119: L | G119: YUDI PURNOMO | H119: BURUH | I119: BODOWALUH | J119: 4 | K119: 0 | L119: PONCOSARI | M119: SRANDAKAN | N119: BANTUL | O119: DIY | P119: SMP N 1 SRANDAKAN | Q119: 083149507983 | R119: 08388607690 | S119: TBSM
A120: 119 | B120: MSB25-01-123 | C120: RAHMA ADJIE SETYA PRADANA | D120: TANJUNG KENCONO | E120: 26-04-2010 | F120: L | G120: PURWANTO | H120: WIRASWASTA | I120: Bantul Timur | J120: 5 | K120: - | L120: TRIRENGGO | M120: BANTUL | N120: BANTUL | O120: DIY | P120: SMP SABILILLAH MARGA BARU | Q120: 085766932322 / 085382742287 | R120: 085768036618 | S120: TKR
A121: 120 | B121: MSB25-01-124 | C121: AHMAD IKHSAN | D121: BANTUL | E121: 9-12-2009 | F121: L | G121: rUKIYATO | H121: BURUH | I121: TLOGO | J121: 01 | L121: KEBONAGUNG | M121: IMOGIRI | N121: BANTUL | O121: DIY | P121: SMP N 2 IMOGIRI | Q121: 08816714757 | R121: 083172034179 | S121: TKR
A122: 121 | B122: MSB25-01-127 | C122: MUHAMMAD ZAFRI PUTRA PRATAMA | D122: BANTUL | E122: 27-08-2008 | F122: L | G122: Rahadi widodo / Rista fitriani | H122: KARYAWAN SWASTA | I122: NENGAHAN | J122: 88 | K122: - | L122: TRIMURTI | M122: SRANDAKAN | N122: BANTUL | O122: DIY | P122: MTS AL-FURQON SANDEN | Q122: 089648577715 | R122: 089648577715 | S122: TKR
A123: 122 | B123: MSB25-01-128 | C123: DIMAS RAKA | D123: BANTUL | E123: 28-11-2009 | F123: L | G123: TUGIMIN | H123: BURUH | I123: JALAKAN | J123: 5 | K123: - | L123: TRIHARJO | M123: PANDAK | N123: BANTUL | O123: DIY | P123: SMP N 4 PANDAK | Q123: 087889314044 | R123: 088902968320 | S123: TBSM
A124: 123 | B124: MSB25-01-129 | C124: KAVINDRA FATURRAHMAN | D124: BANTUL | E124: 25-03-2010 | F124: L | G124: WINTOLO | H124: WIRASWASTA | I124: BANDUNG | J124: 30 | K124: 0 | L124: PENDOWOHARJO | M124: SEWON | N124: BANTUL | O124: DIY | P124: SMP N 4 SEWON | Q124: 081215153533 | R124: 089614445000 | S124: TKR
A125: 124 | B125: MSB25-01-130 | C125: AFDZALURRAHMAN DAFFA ANDRIANSYAH | D125: TANGERANG | E125: 24-04-2010 | F125: L | G125: ANDRI WAHYUDI | H125: KARYAWAN SWASTA | I125: TEGALSEMPU | J125: 3 | K125: 0 | L125: CATURHARJO | M125: PANDAK | N125: BANTUL | O125: DIY | P125: SMP N 2 PANDAK | Q125: 08161629001 | R125: 085786880080 | S125: RPL
A126: 125 | B126: MSB25-01-131 | C126: ZULFIKAR FADHIL ADYATAMA | D126: YOGYAKARTA | E126: 15-05-2009 | F126: L | G126: RULIANI | H126: - | I126: KADIROJO | J126: - | K126: - | L126: PALBAPANG | M126: BANTUL | N126: BANTUL | O126: DIY | P126: SMP MUHAMMADIYAH BANTUL | Q126: 085729547825 | R126: - | S126: TKR
A127: 126 | B127: MSB25-01-132 | C127: GANANG RAGIL SANTOSA | D127: JAKARTA | E127: 5-10-2009 | F127: L | G127: SARBINAH | H127: BURUH | I127: WATUGAJAH | J127: 16 | K127: - | L127: GIRIJATI | M127: PURWOSARI | N127: GUNUNGKIDUL | O127: DIY | P127: SMP N 2 PURWOSARI | Q127: 082324477753 | R127: 082328199158 | S127: TKR
A128: 127 | B128: MSB25-01-133 | C128: MUHAMMAD HABIB NUR RASIF | D128: BANTUL | E128: 16-04-2009 | F128: L | G128: RISWANTO | H128: BURUH | I128: CODE | J128: 3 | K128: 0 | L128: TRIRENGGO | M128: BANTUL | N128: BANTUL | O128: DIY | P128: SMP N 3 BANTUL | Q128: 083840526677 | R128: 089504689203 | S128: TBSM
A129: 128 | B129: MSB25-01-134 | C129: GERRY WIJAYANTO | D129: BANTUL | E129: 22-03-2010 | F129: L | G129: SARYADI | H129: BURUH | I129: PATRAN | J129: 1 | K129: 0 | L129: CANDEN | M129: JETIS | N129: BANTUL | O129: DIY | P129: SMP N 2 JETIS | Q129: 081229381583 | R129: 0895601466668 | S129: TKR
A130: 129 | B130: MSB25-01-135 | C130: RAFI ANDRIANTO | D130: BANTUL | E130: 7-02-2010 | F130: L | G130: SIAM MARTINAH | H130: BURUH | I130: SEMBUNGAN | J130: 5 | K130: 0 | L130: BANGUNJIWO | M130: KASIHAN | N130: BANTUL | O130: DIY | P130: MTS MUHAMMADIYAH KASIHAN | Q130: 088226877201 | R130: 088226877201 | S130: TBSM
A131: 130 | B131: MSB25-01-136 | C131: MUHAMMAD EKO NUGROHO | D131: BANTUL | E131: 6-12-2009 | F131: L | G131: JOMARI | H131: BURUH | I131: TAMBALAN | J131: 1 | K131: 0 | L131: GILANGHARJO | M131: PANDAK | N131: BANTUL | O131: DIY | P131: SMP N 4 PANDAK | Q131: 085801126187 | R131: 085641573291 | S131: TKR
A132: 131 | B132: MSB25-01-137 | C132: ANDIKA HENDRI HANSYAH | D132: BANYUWANGI | E132: 16-08-2009 | F132: L | G132: PARDIYANA | H132: BURUH | I132: SAWIT | J132: 05 | K132: 0 | L132: PANGGUNGHARJO | M132: SEWON | N132: BANTUL | O132: DIY | P132: SMP MUHAMMADIYAH SEWON | Q132: 088216622314 | R132: - | S132: TKR
...
