Workbook

Sheet TAV 1
M1: KUR/PPB/FO-002
M2: Rev. 02 / 15 Juli 2019
A3: DAFTAR HADIR SISWA
A4: ( CATATAN HARIAN GURU DAN DAFTAR NILAI )
A5: SMK MUHAMMADIYAH 1 BANTUL
A6: KELAS : XI TAV
A8: MATA PELAJARAN :.................................................. | L8: SEMESTER :..................
A9: GURU MATA PELAJARAN :.................................................. | L9: TAHUN PELAJARAN : 2025/2026
A10: WALI AMANAH | C10: : Dieni Nugrahini, S.Pd
A11: NOMOR | C11: NAMA | D11: BULAN : | I11: JUMLAH | L11: Nilai Tugas Harian | Q11: Nilai KD
A12: URUT | B12: INDUK | I12: S | J12: I | K12: A | L12: 1 | M12: 2 | N12: 3 | O12: 4 | P12: 5
A13: 1 | B13: 13862 | C13: AFIFAN PUTRA MUKLISHAN
A14: 2 | B14: 13864 | C14: AHMAD FALAKHUL MUTTAQI
A15: 3 | B15: 13865 | C15: ALBANI DIAN RASYID
A16: 4 | B16: 13866 | C16: ALDIANO RIZKY
A17: 5 | B17: 13867 | C17: ALFIN MAULANA PUTRA
A18: 6 | B18: 13868 | C18: ARKHAB ISLAM SUPRIYADI
A19: 7 | B19: 13869 | C19: BAGAS ALAM NURSETO
A20: 8 | B20: 13870 | C20: DAFFAZACKY NURFIANSYAH
A21: 9 | B21: 13871 | C21: DHIMAS SUNGKONO PUTRO
A22: 10 | B22: 13872 | C22: ELANGGA BAGAS AJI SAPUTRA
A23: 11 | B23: 13873 | C23: FAHRI ABDILLAH
A24: 12 | B24: 13874 | C24: FAIZZA ISNAN AFFANI
... A42: 30 | B42: 13892 | C42: ZULKARNAEN ALLIFYANSYAH
A43: 31
A44: 32
A45: 33
A46: 34
A48: CATATAN HARIAN GURU | L48: Deskripsi Penilaian
A49: NO | B49: Tanggal | C49: Kegiatan Pembelajaran | D49: Materi Pembelajaran
A50: 1 | C50: Menerangkan/Diskusi/Tugas/Ujian*) | L50: 1
A51: 2 | C51: Menerangkan/Diskusi/Tugas/Ujian*) | L51: 2
A52: 3 | C52: Menerangkan/Diskusi/Tugas/Ujian*) | L52: 3
A53: 4 | C53: Menerangkan/Diskusi/Tugas/Ujian*) | L53: 4
A54: 5 | C54: Menerangkan/Diskusi/Tugas/Ujian*) | L54: 5
A55: Keterangan : | K55: Bantul,……………………………………….
A56: Penilaian diisikan setiap kali melakukan penilaian harian berupa tugas, tes tertulis, tes lisan, tes unjuk kerja atau portopolio ( Validasi setiap Bulan ) | K56: Guru Bidang Studi
A58: *) Pada kolom kegiatan pembelajaran coret yang tidak dilakukan, kegiatan pembelajaran bisa lebih dari satu kegiatan
K59: …………………………………………….
K60: NBM…………………………………….
A62: *) 15-okt-2024

Sheet TPM 1
M1: KUR/PPB/FO-002
M2: Rev. 02 / 15 Juli 2019
A3: DAFTAR HADIR SISWA
A4: ( CATATAN HARIAN GURU DAN DAFTAR NILAI )
A5: SMK MUHAMMADIYAH 1 BANTUL
A6: KELAS : XI TPM 1
A8: MATA PELAJARAN :.................................................. | L8: SEMESTER :..................
A9: GURU MATA PELAJARAN :.................................................. | L9: TAHUN PELAJARAN : 2025/2026
A10: WALI AMANAH | C10: : Annisa Rizki Amellia, S.Pd
A11: NOMOR | C11: NAMA | D11: BULAN : | I11: JUMLAH | L11: Nilai Tugas Harian | Q11: Nilai KD
A12: URUT | B12: INDUK | I12: S | J12: I | K12: A | L12: 1 | M12: 2 | N12: 3 | O12: 4 | P12: 5
A13: 1 | B13: 13893 | C13: AFRIZAL MANSYUR
A14: 2 | B14: 13894 | C14: AHMAD ALFA RISKI
A15: 3 | B15: 13895 | C15: AHMAD MUFID MUNAWAR
A16: 4 | B16: 13896 | C16: ALAN RYNO SAPUTRA
A17: 5 | B17: 13897 | C17: ALIF NURCAHYO
A18: 6 | B18: 13898 | C18: BARA YUSUF ADRIAN
A19: 7 | B19: 13899 | C19: DAFA SURYA SAPUTRA
A20: 8 | B20: 13900 | C20: FATAN KHOLIQ APRIANO
A21: 9 | B21: 13901 | C21: FIKRI IQBAL FATHURRAHIM
A22: 10 | B22: 13902 | C22: FRIANDA DARMAWAN
A23: 11 | B23: 13903 | C23: HABIB AULIA
A24: 12 | B24: 13904 | C24: HANIF DWI MUSTAFA
... A46: 34 | B46: 13929 | C46: ZAKI KHOIRON
A47: 35
A48: 36
A49: 37
A51: CATATAN HARIAN GURU | L51: Deskripsi Penilaian
A52: NO | B52: Tanggal | C52: Kegiatan Pembelajaran | D52: Materi Pembelajaran
A53: 1 | C53: Menerangkan/Diskusi/Tugas/Ujian*) | L53: 1
A54: 2 | C54: Menerangkan/Diskusi/Tugas/Ujian*) | L54: 2
A55: 3 | C55: Menerangkan/Diskusi/Tugas/Ujian*) | L55: 3
A56: 4 | C56: Menerangkan/Diskusi/Tugas/Ujian*) | L56: 4
A57: 5 | C57: Menerangkan/Diskusi/Tugas/Ujian*) | L57: 5
A58: Keterangan : | K58: Bantul,……………………………………….
A59: Penilaian diisikan setiap kali melakukan penilaian harian berupa tugas, tes tertulis, tes lisan, tes unjuk kerja atau portopolio ( Validasi setiap Bulan ) | K59: Guru Bidang Studi
A61: *) Pada kolom kegiatan pembelajaran coret yang tidak dilakukan, kegiatan pembelajaran bisa lebih dari satu kegiatan
K62: …………………………………………….
K63: NBM…………………………………….
A65: *) 16-jun-2025

Sheet TPM 2
M1: KUR/PPB/FO-002
M2: Rev. 02 / 15 Juli 2019
A3: DAFTAR HADIR SISWA
A4: ( CATATAN HARIAN GURU DAN DAFTAR NILAI )
A5: SMK MUHAMMADIYAH 1 BANTUL
A6: KELAS : XI TPM 2
A8: MATA PELAJARAN :.................................................. | L8: SEMESTER :..................
A9: GURU MATA PELAJARAN :.................................................. | L9: TAHUN PELAJARAN : 2025/2026
A10: WALI AMANAH | C10: : Agus Haryanto, A.Md
A11: NOMOR | C11: NAMA | D11: BULAN : | I11: JUMLAH | L11: Nilai Tugas Harian | Q11: Nilai KD
A12: URUT | B12: INDUK | I12: S | J12: I | K12: A | L12: 1 | M12: 2 | N12: 3 | O12: 4 | P12: 5
A13: 1 | B13: 13930 | C13: ADITYA NOVA RESTANTO
A14: 2 | B14: 13931 | C14: AFRIAN SURYA FEBRIANSYAH
A15: 3 | B15: 13934 | C15: AKMA IKHWAN ARKHANANTA
A16: 4 | B16: 13935 | C16: ALIF GILANG SETIAWAN
A17: 5 | B17: 13937 | C17: BRAMANTYO AJI
A18: 6 | B18: 13938 | C18: DAVINKO PRAMADIKA CHRISNANDA
A19: 7 | B19: 13939 | C19: FERRY EKA SYAHPUTRA
A20: 8 | B20: 13940 | C20: HAJID NANDA RAHMAWAN
A21: 9 | B21: 13941 | C21: HEMA MAHRUBI PURNOMO
A22: 10 | B22: 13943 | C22: IVAN NUR IKHSAN
A23: 11 | B23: 13944 | C23: JUSUF TARIQ ASAKTI
A24: 12 | B24: 13945 | C24: LUCKY RAHMAT DANI
... A42: 30 | B42: 13964 | C42: YUNUZ
A43: 31
A44: 32
A45: 33
A46: 34
A47: 35
A48: 36
A50: CATATAN HARIAN GURU | L50: Deskripsi Penilaian
A51: NO | B51: Tanggal | C51: Kegiatan Pembelajaran | D51: Materi Pembelajaran
A52: 1 | C52: Menerangkan/Diskusi/Tugas/Ujian*) | L52: 1
A53: 2 | C53: Menerangkan/Diskusi/Tugas/Ujian*) | L53: 2
A54: 3 | C54: Menerangkan/Diskusi/Tugas/Ujian*) | L54: 3
A55: 4 | C55: Menerangkan/Diskusi/Tugas/Ujian*) | L55: 4
A56: 5 | C56: Menerangkan/Diskusi/Tugas/Ujian*) | L56: 5
A57: Keterangan : | K57: Bantul,……………………………………….
A58: Penilaian diisikan setiap kali melakukan penilaian harian berupa tugas, tes tertulis, tes lisan, tes unjuk kerja atau portopolio ( Validasi setiap Bulan ) | K58: Guru Bidang Studi
A60: *) Pada kolom kegiatan pembelajaran coret yang tidak dilakukan, kegiatan pembelajaran bisa lebih dari satu kegiatan
K61: …………………………………………….
K62: NBM…………………………………….
A64: *) 24-sep-2025

Sheet TKRO 1
M1: KUR/PPB/FO-002
M2: Rev. 02 / 15 Juli 2019
A3: DAFTAR HADIR SISWA
A4: ( CATATAN HARIAN GURU DAN DAFTAR NILAI )
A5: SMK MUHAMMADIYAH 1 BANTUL
A6: KELAS : XI TKR 1
A8: MATA PELAJARAN :.................................................. | L8: SEMESTER :..................
A9: GURU MATA PELAJARAN :.................................................. | L9: TAHUN PELAJARAN : 2025/2026
A10: WALI AMANAH | C10: : Muhammad Khairil Anwar, S.Pd
A11: NOMOR | C11: NAMA | D11: BULAN : | I11: JUMLAH | L11: Nilai Tugas Harian | Q11: Nilai KD
A12: URUT | B12: INDUK | I12: S | J12: I | K12: A | L12: 1 | M12: 2 | N12: 3 | O12: 4 | P12: 5
A13: 1 | B13: 13965 | C13: ABIYASA SATYA NUGRAHA
A14: 2 | B14: 13966 | C14: ADIL WIBOWO
A15: 3 | B15: 13967 | C15: AHNAF ADJIE PANGESTU
A16: 4 | B16: 13968 | C16: ALMER FAYYADH KHOIRY BASAYEV
A17: 5 | B17: 13969 | C17: ALVY SETIAWAN
A18: 6 | B18: 13970 | C18: ANDRA ANUARI PRATAMA
A19: 7 | B19: 13971 | C19: ANGGIT HANANTYA PUTRA
A20: 8 | B20: 13972 | C20: ARDIN FAUSTA ANUGRAH SAPUTRA
A21: 9 | B21: 13973 | C21: AUFA DAFA KUSUMAH ATMAJA
A22: 10 | B22: 13974 | C22: BAGUS ARIYA ADINATA
A23: 11 | B23: 13976 | C23: DEVANO RIZKY PRATAMA
A24: 12 | B24: 13977 | C24: DHIMAZ JORDAN
... A40: 28 | B40: 13998 | C40: YUDHA PRATAMA
A41: 29
A42: 30
A43: 31
A44: 32
A45: 33
A46: 34
A47: 35
A48: 36
A50: CATATAN HARIAN GURU | L50: Deskripsi Penilaian
A51: NO | B51: Tanggal | C51: Kegiatan Pembelajaran | D51: Materi Pembelajaran
A52: 1 | C52: Menerangkan/Diskusi/Tugas/Ujian*) | L52: 1
A53: 2 | C53: Menerangkan/Diskusi/Tugas/Ujian*) | L53: 2
A54: 3 | C54: Menerangkan/Diskusi/Tugas/Ujian*) | L54: 3
A55: 4 | C55: Menerangkan/Diskusi/Tugas/Ujian*) | L55: 4
A56: 5 | C56: Menerangkan/Diskusi/Tugas/Ujian*) | L56: 5
A57: Keterangan : | K57: Bantul,……………………………………….
A58: Penilaian diisikan setiap kali melakukan penilaian harian berupa tugas, tes tertulis, tes lisan, tes unjuk kerja atau portopolio ( Validasi setiap Bulan ) | K58: Guru Bidang Studi
A60: *) Pada kolom kegiatan pembelajaran coret yang tidak dilakukan, kegiatan pembelajaran bisa lebih dari satu kegiatan
K61: …………………………………………….
K62: NBM…………………………………….
A64: *) 16-jun-2025

Sheet TKRO 2
M1: KUR/PPB/FO-002
M2: Rev. 02 / 15 Juli 2019
A3: DAFTAR HADIR SISWA
A4: ( CATATAN HARIAN GURU DAN DAFTAR NILAI )
A5: SMK MUHAMMADIYAH 1 BANTUL
A6: KELAS : XI TKR 2
A8: MATA PELAJARAN :.................................................. | L8: SEMESTER :..................
A9: GURU MATA PELAJARAN :.................................................. | L9: TAHUN PELAJARAN : 2025/2026
A10: WALI AMANAH | C10: : Ardik Sudarmaji, S.T
A11: NOMOR | C11: NAMA | D11: BULAN : | I11: JUMLAH | L11: Nilai Tugas Harian | Q11: Nilai KD
A12: URUT | B12: INDUK | I12: S | J12: I | K12: A | L12: 1 | M12: 2 | N12: 3 | O12: 4 | P12: 5
A13: 1 | B13: 13999 | C13: ACHMAD DAFFA PUTRA SAMUDRA
A14: 2 | B14: 14000 | C14: AGHA SATRIA NUR AKBAR
A15: 3 | B15: 14001 | C15: AJISAPUTRA RIZAL EFFENDI
A16: 4 | B16: 14002 | C16: ALTAR BRAMANTYA PUTRA
A17: 5 | B17: 14003 | C17: ANDRA SAPUTRA
A18: 6 | B18: 14004 | C18: ANNAS ABDUR ROZAQ
A19: 7 | B19: 14005 | C19: ARDY FATURROHMAN
A20: 8 | B20: 14006 | C20: AUSHAF RAFFA ARUNA
A21: 9 | B21: 14007 | C21: BAKRIF HAKIKI
A22: 10 | B22: 14008 | C22: DAFFA HILMI RAMADHAN
A23: 11 | B23: 14009 | C23: DEAZ MARFELINO
A24: 12 | B24: 14011 | C24: DHONAN ZHALIFUNNAS
... A46: 34 | B46: 14035 | C46: ZIKRA ALFIAN NUR FITRON
A47: 35
A48: 36
A49: 37
A51: CATATAN HARIAN GURU | L51: Deskripsi Penilaian
A52: NO | B52: Tanggal | C52: Kegiatan Pembelajaran | D52: Materi Pembelajaran
A53: 1 | C53: Menerangkan/Diskusi/Tugas/Ujian*) | L53: 1
A54: 2 | C54: Menerangkan/Diskusi/Tugas/Ujian*) | L54: 2
A55: 3 | C55: Menerangkan/Diskusi/Tugas/Ujian*) | L55: 3
A56: 4 | C56: Menerangkan/Diskusi/Tugas/Ujian*) | L56: 4
A57: 5 | C57: Menerangkan/Diskusi/Tugas/Ujian*) | L57: 5
A58: Keterangan : | K58: Bantul,……………………………………….
A59: Penilaian diisikan setiap kali melakukan penilaian harian berupa tugas, tes tertulis, tes lisan, tes unjuk kerja atau portopolio ( Validasi setiap Bulan ) | K59: Guru Bidang Studi
A61: *) Pada kolom kegiatan pembelajaran coret yang tidak dilakukan, kegiatan pembelajaran bisa lebih dari satu kegiatan
K62: …………………………………………….
K63: NBM…………………………………….
A65: *) 14-okt-2025

Sheet TKRO 3
M1: KUR/PPB/FO-002
M2: Rev. 02 / 15 Juli 2019
A3: DAFTAR HADIR SISWA
A4: ( CATATAN HARIAN GURU DAN DAFTAR NILAI )
A5: SMK MUHAMMADIYAH 1 BANTUL
A6: KELAS : XI TKR 3
A8: MATA PELAJARAN :.................................................. | L8: SEMESTER :..................
A9: GURU MATA PELAJARAN :.................................................. | L9: TAHUN PELAJARAN : 2025/2026
A10: WALI AMANAH | C10: : Kristina Murtiningsih, S.Pd
A11: NOMOR | C11: NAMA | D11: BULAN : | I11: JUMLAH | L11: Nilai Tugas Harian | Q11: Nilai KD
A12: URUT | B12: INDUK | I12: S | J12: I | K12: A | L12: 1 | M12: 2 | N12: 3 | O12: 4 | P12: 5
A13: 1 | B13: 14036 | C13: ACHSAN YOGA DUANA
A14: 2 | B14: 14037 | C14: ADNAN ARYA SAPUTRA
A15: 3 | B15: 14038 | C15: AKBAR ABDUL HAMID
A16: 4 | B16: 14039 | C16: ANDREW RADITYA SUPARJAN
A17: 5 | B17: 14040 | C17: ARDE INDRA WIJAYA
A18: 6 | B18: 14041 | C18: ARIF RAHMADI
A19: 7 | B19: 14042 | C19: AZIZ RIZKI ARTA SAPUTRA
A20: 8 | B20: 14043 | C20: BAYU REZKY PRATAMA
A21: 9 | B21: 14044 | C21: DAFFA WAHIDUN RAFIF
A22: 10 | B22: 14045 | C22: DEOVANI NUR WIJAYA
A23: 11 | B23: 14046 | C23: DIAZ SYAHMUDA ADI PURNAMA
A24: 12 | B24: 14048 | C24: FAISHAL NABHAN MUWAFFAQ
... A44: 32 | B44: 14068 | C44: ZUFAN LUTFI DWI HANAFI
A45: 33
A46: 34
A47: 35
A48: 36
A50: CATATAN HARIAN GURU | L50: Deskripsi Penilaian
A51: NO | B51: Tanggal | C51: Kegiatan Pembelajaran | D51: Materi Pembelajaran
A52: 1 | C52: Menerangkan/Diskusi/Tugas/Ujian*) | L52: 1
A53: 2 | C53: Menerangkan/Diskusi/Tugas/Ujian*) | L53: 2
A54: 3 | C54: Menerangkan/Diskusi/Tugas/Ujian*) | L54: 3
A55: 4 | C55: Menerangkan/Diskusi/Tugas/Ujian*) | L55: 4
A56: 5 | C56: Menerangkan/Diskusi/Tugas/Ujian*) | L56: 5
A57: Keterangan : | K57: Bantul,……………………………………….
A58: Penilaian diisikan setiap kali melakukan penilaian harian berupa tugas, tes tertulis, tes lisan, tes unjuk kerja atau portopolio ( Validasi setiap Bulan ) | K58: Guru Bidang Studi
A60: *) Pada kolom kegiatan pembelajaran coret yang tidak dilakukan, kegiatan pembelajaran bisa lebih dari satu kegiatan
K61: …………………………………………….
K62: NBM…………………………………….
A64: *) 27-agu-2025

Sheet TKRO 4
M1: KUR/PPB/FO-002
M2: Rev. 02 / 15 Juli 2019
A3: DAFTAR HADIR SISWA
A4: ( CATATAN HARIAN GURU DAN DAFTAR NILAI )
A5: SMK MUHAMMADIYAH 1 BANTUL
A6: KELAS : XI TKR 4
A8: MATA PELAJARAN :.................................................. | L8: SEMESTER :..................
A9: GURU MATA PELAJARAN :.................................................. | L9: TAHUN PELAJARAN : 2025/2026
A10: WALI AMANAH | C10: : Sigit Purnawan, S.Pd
A11: NOMOR | C11: NAMA | D11: BULAN : | I11: JUMLAH | L11: Nilai Tugas Harian | Q11: Nilai KD
A12: URUT | B12: INDUK | I12: S | J12: I | K12: A | L12: 1 | M12: 2 | N12: 3 | O12: 4 | P12: 5
A13: 1 | B13: 14070 | C13: ADJI NURSETO
A14: 2 | B14: 14071 | C14: ALDIN ESTU PRAYOGI
A15: 3 | B15: 14072 | C15: ANDHIKA ADIYATMA JAYA
A16: 4 | B16: 14073 | C16: ANGGER DAMARJATI
A17: 5 | B17: 14074 | C17: ARDHAN BINTANG PAMUNGKAS
A18: 6 | B18: 14075 | C18: ARJUN ARYA SAPUTRA
A19: 7 | B19: 14076 | C19: BAGAS ADHI PRASETYA
A20: 8 | B20: 14077 | C20: BIMA SURYA TIMUR
A21: 9 | B21: 14078 | C21: DAVA AJITYA PUTRA
A22: 10 | B22: 14079 | C22: DESTYOVAN NUR 'AIZAM
A23: 11 | B23: 14080 | C23: DIKA AGUS SETYAWAN
A24: 12 | B24: 14081 | C24: FADHLAN AQILA ZAKI
... A45: 33 | B45: 14104 | C45: YOGA MAULANA AFIQ
A46: 34
A47: 35
A48: 36
A50: CATATAN HARIAN GURU | L50: Deskripsi Penilaian
A51: NO | B51: Tanggal | C51: Kegiatan Pembelajaran | D51: Materi Pembelajaran
A52: 1 | C52: Menerangkan/Diskusi/Tugas/Ujian*) | L52: 1
A53: 2 | C53: Menerangkan/Diskusi/Tugas/Ujian*) | L53: 2
A54: 3 | C54: Menerangkan/Diskusi/Tugas/Ujian*) | L54: 3
A55: 4 | C55: Menerangkan/Diskusi/Tugas/Ujian*) | L55: 4
A56: 5 | C56: Menerangkan/Diskusi/Tugas/Ujian*) | L56: 5
A57: Keterangan : | K57: Bantul,……………………………………….
A58: Penilaian diisikan setiap kali melakukan penilaian harian berupa tugas, tes tertulis, tes lisan, tes unjuk kerja atau portopolio ( Validasi setiap Bulan ) | K58: Guru Bidang Studi
A60: *) Pada kolom kegiatan pembelajaran coret yang tidak dilakukan, kegiatan pembelajaran bisa lebih dari satu kegiatan
K61: …………………………………………….
K62: NBM…………………………………….
A64: *) 14-okt-2025

Sheet TKRO 5
M1: KUR/PPB/FO-002
M2: Rev. 02 / 15 Juli 2019
A3: DAFTAR HADIR SISWA
A4: ( CATATAN HARIAN GURU DAN DAFTAR NILAI )
A5: SMK MUHAMMADIYAH 1 BANTUL
A6: KELAS : XI TKR 5
A8: MATA PELAJARAN :.................................................. | L8: SEMESTER :..................
A9: GURU MATA PELAJARAN :.................................................. | L9: TAHUN PELAJARAN : 2025/2026
A10: WALI AMANAH | C10: : Abdullah Dian Febriyanta, S.Pd
A11: NOMOR | C11: NAMA | D11: BULAN : | I11: JUMLAH | L11: Nilai Tugas Harian | Q11: Nilai KD
A12: URUT | B12: INDUK | I12: S | J12: I | K12: A | L12: 1 | M12: 2 | N12: 3 | O12: 4 | P12: 5
A13: 1 | B13: 14105 | C13: ADIB ROSYADI
A14: 2 | B14: 14106 | C14: AHMAD ADI SUSENO
A15: 3 | B15: 14107 | C15: ALIEF ALFIAN FAJAR CAHYO
A16: 4 | B16: 14108 | C16: ANDIKA PRASETYA
A17: 5 | B17: 14109 | C17: ANGGER PUTRA PRATAMA
A18: 6 | B18: 14110 | C18: ARDHIKA REZA SAPUTRA
A19: 7 | B19: 14111 | C19: ATHAYA NAQA RIFAI
A20: 8 | B20: 14112 | C20: BAGAS IHSANUDIN
A21: 9 | B21: 14114 | C21: DENIS SHATA NUR WANDARU
A22: 10 | B22: 14115 | C22: DIMAS HARY SYAHPUTRA
A23: 11 | B23: 14116 | C23: FADLY KURNIAWAN
A24: 12 | B24: 14117 | C24: FAJAR AGUS PONINGAL
... A41: 29 | B41: 14136 | C41: VAVIAN DAVA YUGANTHA
A42: 30
A43: 31
A44: 32
A45: 33
A46: 34
A47: 35
A48: 36
A50: CATATAN HARIAN GURU | L50: Deskripsi Penilaian
A51: NO | B51: Tanggal | C51: Kegiatan Pembelajaran | D51: Materi Pembelajaran
A52: 1 | C52: Menerangkan/Diskusi/Tugas/Ujian*) | L52: 1
A53: 2 | C53: Menerangkan/Diskusi/Tugas/Ujian*) | L53: 2
A54: 3 | C54: Menerangkan/Diskusi/Tugas/Ujian*) | L54: 3
A55: 4 | C55: Menerangkan/Diskusi/Tugas/Ujian*) | L55: 4
A56: 5 | C56: Menerangkan/Diskusi/Tugas/Ujian*) | L56: 5
A57: Keterangan : | K57: Bantul,……………………………………….
A58: Penilaian diisikan setiap kali melakukan penilaian harian berupa tugas, tes tertulis, tes lisan, tes unjuk kerja atau portopolio ( Validasi setiap Bulan ) | K58: Guru Bidang Studi
A60: *) Pada kolom kegiatan pembelajaran coret yang tidak dilakukan, kegiatan pembelajaran bisa lebih dari satu kegiatan
K61: …………………………………………….
K62: NBM…………………………………….
A64: * 18-feb-2025

Sheet TBSM 1
M1: KUR/PPB/FO-002
M2: Rev. 02 / 15 Juli 2019
A3: DAFTAR HADIR SISWA
A4: ( CATATAN HARIAN GURU DAN DAFTAR NILAI )
A5: SMK MUHAMMADIYAH 1 BANTUL
A6: KELAS : XI TSM 1
A8: MATA PELAJARAN :.................................................. | L8: SEMESTER :..................
A9: GURU MATA PELAJARAN :.................................................. | L9: TAHUN PELAJARAN : 2025/2026
A10: WALI AMANAH | C10: : Endah Soffiati, S.Si
A11: NOMOR | C11: NAMA | D11: BULAN : | I11: JUMLAH | L11: Nilai Tugas Harian | Q11: Nilai KD
A12: URUT | B12: INDUK | I12: S | J12: I | K12: A | L12: 1 | M12: 2 | N12: 3 | O12: 4 | P12: 5
A13: 1 | B13: 14138 | C13: ABDUL AZIZ MUNIF
A14: 2 | B14: 14141 | C14: ALFIAN DECO SAPUTRA
A15: 3 | B15: 14142 | C15: ALVIANDY HASFI NUGROHO
A16: 4 | B16: 14143 | C16: ANANDA DAVA PUTRA PRATAMA
A17: 5 | B17: 14144 | C17: ANDIKA FELLIX NAVINSAN
A18: 6 | B18: 14145 | C18: ARIEF RASYID SETIAJI
A19: 7 | B19: 14146 | C19: AZZAM ZULFIKAR SETIAWAN
A20: 8 | B20: 14147 | C20: DAVID RADITYA HERMANTO
A21: 9 | B21: 14148 | C21: DERI TRI YANTO
A22: 10 | B22: 14149 | C22: DIMAS SETO PANGESTU
A23: 11 | B23: 14150 | C23: FAIS DWI KURNIAWAN
A24: 12 | B24: 14151 | C24: FAREL PUTRA RAMADHAN
... A45: 33 | B45: 14174 | C45: ZANDRA IKHSAN WAHYU PRATAMA
A46: 34
A47: 35
A48: 36
A49: 37
A51: CATATAN HARIAN GURU | L51: Deskripsi Penilaian
A52: NO | B52: Tanggal | C52: Kegiatan Pembelajaran | D52: Materi Pembelajaran
A53: 1 | C53: Menerangkan/Diskusi/Tugas/Ujian*) | L53: 1
A54: 2 | C54: Menerangkan/Diskusi/Tugas/Ujian*) | L54: 2
A55: 3 | C55: Menerangkan/Diskusi/Tugas/Ujian*) | L55: 3
A56: 4 | C56: Menerangkan/Diskusi/Tugas/Ujian*) | L56: 4
A57: 5 | C57: Menerangkan/Diskusi/Tugas/Ujian*) | L57: 5
A58: Keterangan : | K58: Bantul,……………………………………….
A59: Penilaian diisikan setiap kali melakukan penilaian harian berupa tugas, tes tertulis, tes lisan, tes unjuk kerja atau portopolio ( Validasi setiap Bulan ) | K59: Guru Bidang Studi
A61: *) Pada kolom kegiatan pembelajaran coret yang tidak dilakukan, kegiatan pembelajaran bisa lebih dari satu kegiatan
K62: …………………………………………….
K63: NBM…………………………………….
A65: *) 16-jun-2025

Sheet TBSM 2
M1: KUR/PPB/FO-002
M2: Rev. 02 / 15 Juli 2019
A3: DAFTAR HADIR SISWA
A4: ( CATATAN HARIAN GURU DAN DAFTAR NILAI )
A5: SMK MUHAMMADIYAH 1 BANTUL
A6: KELAS : XI TSM 2
A8: MATA PELAJARAN :.................................................. | L8: SEMESTER :..................
A9: GURU MATA PELAJARAN :.................................................. | L9: TAHUN PELAJARAN : 2025/2026
A10: WALI AMANAH | C10: : Rahmad Novi Wibawa, S.Pd
A11: NOMOR | C11: NAMA | D11: BULAN : | I11: JUMLAH | L11: Nilai Tugas Harian | Q11: Nilai KD
A12: URUT | B12: INDUK | I12: S | J12: I | K12: A | L12: 1 | M12: 2 | N12: 3 | O12: 4 | P12: 5
A13: 1 | B13: 14175 | C13: ABID YULIAN
A14: 2 | B14: 14176 | C14: AJI GALANG ROMADHON
A15: 3 | B15: 14177 | C15: ALENDRA RESTU WIJANARKO
A16: 4 | B16: 14178 | C16: ALVIAN KURNIAWAN
A17: 5 | B17: 14179 | C17: ALVIN AGUNG SAPUTRA
A18: 6 | B18: 14181 | C18: ARJUNA SATRIA TAMA
A19: 7 | B19: 14182 | C19: BAYU AJI PAMUNGKAS
A20: 8 | B20: 14183 | C20: DEANDRA GHANI ALFARIZHI
A21: 9 | B21: 14184 | C21: DEVDAN AFRIZA MIFDLAL
A22: 10 | B22: 14187 | C22: FAJAR PUTRA PRATAMA
A23: 11 | B23: 14188 | C23: FAREL RAFIF SUSILO
A24: 12 | B24: 14189 | C24: FERDIAN DWI NURRAHMAT
... A45: 33 | B45: 14212 | C45: ZANUAR WAHYU PRATAMA
A46: 34
A47: 35
A48: 36
A49: 37
A50: 38
A52: CATATAN HARIAN GURU | L52: Deskripsi Penilaian
A53: NO | B53: Tanggal | C53: Kegiatan Pembelajaran | D53: Materi Pembelajaran
A54: 1 | C54: Menerangkan/Diskusi/Tugas/Ujian*) | L54: 1
A55: 2 | C55: Menerangkan/Diskusi/Tugas/Ujian*) | L55: 2
A56: 3 | C56: Menerangkan/Diskusi/Tugas/Ujian*) | L56: 3
A57: 4 | C57: Menerangkan/Diskusi/Tugas/Ujian*) | L57: 4
A58: 5 | C58: Menerangkan/Diskusi/Tugas/Ujian*) | L58: 5
A59: Keterangan : | K59: Bantul,……………………………………….
A60: Penilaian diisikan setiap kali melakukan penilaian harian berupa tugas, tes tertulis, tes lisan, tes unjuk kerja atau portopolio ( Validasi setiap Bulan ) | K60: Guru Bidang Studi
A62: *) Pada kolom kegiatan pembelajaran coret yang tidak dilakukan, kegiatan pembelajaran bisa lebih dari satu kegiatan
K63: …………………………………………….
K64: NBM…………………………………….
A66: *) 17-sep-2025

Sheet TBSM 3
M1: KUR/PPB/FO-002
M2: Rev. 02 / 15 Juli 2019
A3: DAFTAR HADIR SISWA
A4: ( CATATAN HARIAN GURU DAN DAFTAR NILAI )
A5: SMK MUHAMMADIYAH 1 BANTUL
A6: KELAS : XI TSM 3
A8: MATA PELAJARAN :.................................................. | L8: SEMESTER :..................
A9: GURU MATA PELAJARAN :.................................................. | L9: TAHUN PELAJARAN : 2025/2026
A10: WALI AMANAH | C10: : Rosita Dwi Noegrahaeni, S.Pd
A11: NOMOR | C11: NAMA | D11: BULAN : | I11: JUMLAH | L11: Nilai Tugas Harian | Q11: Nilai KD
A12: URUT | B12: INDUK | I12: S | J12: I | K12: A | L12: 1 | M12: 2 | N12: 3 | O12: 4 | P12: 5
A13: 1 | B13: 14213 | C13: ABIMANYU PRIAMBUDI
A14: 2 | B14: 14214 | C14: AJI PUTRA WIJAYA
A15: 3 | B15: 14215 | C15: ALFAREZY RIDHO TIYANTORO
A16: 4 | B16: 14216 | C16: ALI MURTADHO
A17: 5 | B17: 14217 | C17: ANDHIKA MAULANA PUTRA
A18: 6 | B18: 14219 | C18: ARYAMA WAHYU NUGROHO
A19: 7 | B19: 14220 | C19: DANUJA NADJID MAMDUH
A20: 8 | B20: 14222 | C20: DHIKA PRATAMA PUTRA
A21: 9 | B21: 14223 | C21: ERIQ NUR ROMELAN
A22: 10 | B22: 14224 | C22: FAHRY SYAHRUL RAMADHAN
A23: 11 | B23: 14225 | C23: FALIH ANOVEARIO SANTOSO
A24: 12 | B24: 14261 | C24: FAREL BANGUN HUTAMA
... A46: 34 | B46: 14248 | C46: ZASIR MAULANA IBRAHIM
A47: 35
A48: 36
A49: 37
A51: CATATAN HARIAN GURU | L51: Deskripsi Penilaian
A52: NO | B52: Tanggal | C52: Kegiatan Pembelajaran | D52: Materi Pembelajaran
A53: 1 | C53: Menerangkan/Diskusi/Tugas/Ujian*) | L53: 1
A54: 2 | C54: Menerangkan/Diskusi/Tugas/Ujian*) | L54: 2
A55: 3 | C55: Menerangkan/Diskusi/Tugas/Ujian*) | L55: 3
A56: 4 | C56: Menerangkan/Diskusi/Tugas/Ujian*) | L56: 4
A57: 5 | C57: Menerangkan/Diskusi/Tugas/Ujian*) | L57: 5
A58: Keterangan : | K58: Bantul,……………………………………….
A59: Penilaian diisikan setiap kali melakukan penilaian harian berupa tugas, tes tertulis, tes lisan, tes unjuk kerja atau portopolio ( Validasi setiap Bulan ) | K59: Guru Bidang Studi
A61: *) Pada kolom kegiatan pembelajaran coret yang tidak dilakukan, kegiatan pembelajaran bisa lebih dari satu kegiatan
K62: …………………………………………….
K63: NBM…………………………………….
A65: *) 16-jun-2025

Sheet TBSM 4
M1: KUR/PPB/FO-002
M2: Rev. 02 / 15 Juli 2019
A3: DAFTAR HADIR SISWA
A4: ( CATATAN HARIAN GURU DAN DAFTAR NILAI )
A5: SMK MUHAMMADIYAH 1 BANTUL
A6: KELAS : XI TSM 4
A8: MATA PELAJARAN :.................................................. | L8: SEMESTER :..................
A9: GURU MATA PELAJARAN :.................................................. | L9: TAHUN PELAJARAN : 2025/2026
A10: WALI AMANAH | C10: : Tubagus Mutasindra, S.Pd
A11: NOMOR | C11: NAMA | D11: BULAN : | I11: JUMLAH | L11: Nilai Tugas Harian | Q11: Nilai KD
A12: URUT | B12: INDUK | I12: S | J12: I | K12: A | L12: 1 | M12: 2 | N12: 3 | O12: 4 | P12: 5
A13: 1 | B13: 14249 | C13: ADAM WISNU AL FIRMAN
A14: 2 | B14: 14252 | C14: ALIF REIHANSYAH SAPUTRA
A15: 3 | B15: 14254 | C15: ARDHIFA KHOIRUL AZZA
A16: 4 | B16: 14255 | C16: AULIYAU RAHMAN MAULIDI
A17: 5 | B17: 14256 | C17: DAVA' ALFARIZZI
A18: 6 | B18: 14258 | C18: DIMAS DWI SATRIA
A19: 7 | B19: 14259 | C19: FABIAN KEVIN RAMADHAN
A20: 8 | B20: 14260 | C20: FAIRUZIZUAN IBRAHIMOVIC
A21: 9 | B21: 14265 | C21: KURNIAWAN BUMI
A22: 10 | B22: 14266 | C22: MAULANA AGUNG SEBAYU
A23: 11 | B23: 14267 | C23: MUHAMMAD ARSHAQ EL-HAQQANI
A24: 12 | B24: 14269 | C24: MUHAMMAD NUR IRSYAD
... A36: 24 | B36: 14285 | C36: ZIDAN CHANDRA WIBAWA
A37: 25
A38: 26
A39: 27
A40: 28
A41: 29
A42: 30
A43: 31
A44: 32
A45: 33
A46: 34
A47: 35
A48: 36
A50: CATATAN HARIAN GURU | L50: Deskripsi Penilaian
A51: NO | B51: Tanggal | C51: Kegiatan Pembelajaran | D51: Materi Pembelajaran
A52: 1 | C52: Menerangkan/Diskusi/Tugas/Ujian*) | L52: 1
A53: 2 | C53: Menerangkan/Diskusi/Tugas/Ujian*) | L53: 2
A54: 3 | C54: Menerangkan/Diskusi/Tugas/Ujian*) | L54: 3
A55: 4 | C55: Menerangkan/Diskusi/Tugas/Ujian*) | L55: 4
A56: 5 | C56: Menerangkan/Diskusi/Tugas/Ujian*) | L56: 5
A57: Keterangan : | K57: Bantul,……………………………………….
A58: Penilaian diisikan setiap kali melakukan penilaian harian berupa tugas, tes tertulis, tes lisan, tes unjuk kerja atau portopolio ( Validasi setiap Bulan ) | K58: Guru Bidang Studi
A60: *) Pada kolom kegiatan pembelajaran coret yang tidak dilakukan, kegiatan pembelajaran bisa lebih dari satu kegiatan
K61: …………………………………………….
K62: NBM…………………………………….
A64: *) 17-okt-2025

Sheet RPL 1
M1: KUR/PPB/FO-002
M2: Rev. 02 / 15 Juli 2019
A3: DAFTAR HADIR SISWA
A4: ( CATATAN HARIAN GURU DAN DAFTAR NILAI )
A5: SMK MUHAMMADIYAH 1 BANTUL
A6: KELAS : XI RPL 1
A8: MATA PELAJARAN :.................................................. | L8: SEMESTER :..................
A9: GURU MATA PELAJARAN :.................................................. | L9: TAHUN PELAJARAN : 2025/2026
A10: WALI AMANAH | C10: : Rr. Swisti Pritandari, S.Kom
A11: NOMOR | C11: NAMA | D11: BULAN : | I11: JUMLAH | L11: Nilai Tugas Harian | Q11: Nilai KD
A12: URUT | B12: INDUK | I12: S | J12: I | K12: A | L12: 1 | M12: 2 | N12: 3 | O12: 4 | P12: 5
A13: 1 | B13: 14286 | C13: ADE SUKMA RISTY ALDI
A14: 2 | B14: 14287 | C14: AINUGRAH AFFIF FEBRYANO
A15: 3 | B15: 14288 | C15: ALAYKA SAFA
A16: 4 | B16: 14289 | C16: ALERASYA BINTANG ADITYA
A17: 5 | B17: 14290 | C17: ALIF AZIZAN AMIRUDIN
A18: 6 | B18: 14291 | C18: ASHELIA REYVA SAFANA
A19: 7 | B19: 14292 | C19: AXEL SURYA PUTRA PRATAMA
A20: 8 | B20: 14293 | C20: CITRA ATHAYA SHYFA
A21: 9 | B21: 14294 | C21: DINDA SINTIASARI
A22: 10 | B22: 14295 | C22: FACHRIANSYAH AL MA'RUF
A23: 11 | B23: 14296 | C23: FAISHAL HAFIZH RAMADHAN
A24: 12 | B24: 14297 | C24: FARA AMILIA PUTRI
... A39: 27 | B39: 14313 | C39: ZAHRA NESHIA VIVIYANTI
A40: 28
A41: 29
A42: 30
A44: CATATAN HARIAN GURU | L44: Deskripsi Penilaian
A45: NO | B45: Tanggal | C45: Kegiatan Pembelajaran | D45: Materi Pembelajaran
A46: 1 | C46: Menerangkan/Diskusi/Tugas/Ujian*) | L46: 1
A47: 2 | C47: Menerangkan/Diskusi/Tugas/Ujian*) | L47: 2
A48: 3 | C48: Menerangkan/Diskusi/Tugas/Ujian*) | L48: 3
A49: 4 | C49: Menerangkan/Diskusi/Tugas/Ujian*) | L49: 4
A50: 5 | C50: Menerangkan/Diskusi/Tugas/Ujian*) | L50: 5
A51: Keterangan : | K51: Bantul,……………………………………….
A52: Penilaian diisikan setiap kali melakukan penilaian harian berupa tugas, tes tertulis, tes lisan, tes unjuk kerja atau portopolio ( Validasi setiap Bulan ) | K52: Guru Bidang Studi
A54: *) Pada kolom kegiatan pembelajaran coret yang tidak dilakukan, kegiatan pembelajaran bisa lebih dari satu kegiatan
K55: …………………………………………….
K56: NBM…………………………………….
A58: *) 3-nov-2025

Sheet RPL 2
M1: KUR/PPB/FO-002
M2: Rev. 02 / 15 Juli 2019
A3: DAFTAR HADIR SISWA
A4: ( CATATAN HARIAN GURU DAN DAFTAR NILAI )
A5: SMK MUHAMMADIYAH 1 BANTUL
A6: KELAS : XI RPL 2
A8: MATA PELAJARAN :.................................................. | L8: SEMESTER :..................
A9: GURU MATA PELAJARAN :.................................................. | L9: TAHUN PELAJARAN : 2025/2026
A10: WALI AMANAH | C10: : Dian Tri Utami, S.Pd
A11: NOMOR | C11: NAMA | D11: BULAN : | I11: JUMLAH | L11: Nilai Tugas Harian | Q11: Nilai KD
A12: URUT | B12: INDUK | I12: S | J12: I | K12: A | L12: 1 | M12: 2 | N12: 3 | O12: 4 | P12: 5
A13: 1 | B13: 14314 | C13: ADITYA DWI CAHYANTO
A14: 2 | B14: 14315 | C14: AKHMAD FAIZUN
A15: 3 | B15: 14316 | C15: ALFIAN MUSTOFA
A16: 4 | B16: 14317 | C16: ALVARO NIBRAS PRATISTA
A17: 5 | B17: 14318 | C17: ASNI MUHAMMAD RIZAL
A18: 6 | B18: 14319 | C18: BAYU RIZKY ADITYA
A19: 7 | B19: 14320 | C19: DAVA BAGAS RIZKYATAMA
A20: 8 | B20: 14321 | C20: DESTRIAN ADIFA WISANTO
A21: 9 | B21: 14322 | C21: FACHUR RAHMAN
A22: 10 | B22: 14323 | C22: FAISHAL NUR RIZKY RAMADHAN
A23: 11 | B23: 14324 | C23: FATUR ROHIM
A24: 12 | B24: 14325 | C24: FATUR ROHMAN
... A40: 28 | B40: 14340 | C40: WISANGGENI TIRTO DJATI
A41: 29
A42: 30
A44: CATATAN HARIAN GURU | L44: Deskripsi Penilaian
A45: NO | B45: Tanggal | C45: Kegiatan Pembelajaran | D45: Materi Pembelajaran
A46: 1 | C46: Menerangkan/Diskusi/Tugas/Ujian*) | L46: 1
A47: 2 | C47: Menerangkan/Diskusi/Tugas/Ujian*) | L47: 2
A48: 3 | C48: Menerangkan/Diskusi/Tugas/Ujian*) | L48: 3
A49: 4 | C49: Menerangkan/Diskusi/Tugas/Ujian*) | L49: 4
A50: 5 | C50: Menerangkan/Diskusi/Tugas/Ujian*) | L50: 5
A51: Keterangan : | K51: Bantul,……………………………………….
A52: Penilaian diisikan setiap kali melakukan penilaian harian berupa tugas, tes tertulis, tes lisan, tes unjuk kerja atau portopolio ( Validasi setiap Bulan ) | K52: Guru Bidang Studi
A54: *) Pada kolom kegiatan pembelajaran coret yang tidak dilakukan, kegiatan pembelajaran bisa lebih dari satu kegiatan
K55: …………………………………………….
K56: NBM…………………………………….
A58: *) 12-agu-2024

Sheet RPL 3
M1: KUR/PPB/FO-002
M2: Rev. 02 / 15 Juli 2019
A3: DAFTAR HADIR SISWA
A4: ( CATATAN HARIAN GURU DAN DAFTAR NILAI )
A5: SMK MUHAMMADIYAH 1 BANTUL
A6: KELAS : XI RPL 3
A8: MATA PELAJARAN :.................................................. | L8: SEMESTER :..................
A9: GURU MATA PELAJARAN :.................................................. | L9: TAHUN PELAJARAN : 2025/2026
A10: WALI AMANAH | C10: : Usfatun Kasanah, S.Kom
A11: NOMOR | C11: NAMA | D11: BULAN : | I11: JUMLAH | L11: Nilai Tugas Harian | Q11: Nilai KD
A12: URUT | B12: INDUK | I12: S | J12: I | K12: A | L12: 1 | M12: 2 | N12: 3 | O12: 4 | P12: 5
A13: 1 | B13: 14341 | C13: AHMAD IKHSAN HARTONO
A14: 2 | B14: 14342 | C14: ALFIQO RIMIDHA FALIKH MURIANA
A15: 3 | B15: 14371 | C15: ANANG NUR WIJAYANTO
A16: 4 | B16: 14343 | C16: ANDIKA DWI KURNIAWAN
A17: 5 | B17: 14344 | C17: ANGGA WAHYU SAPUTRA
A18: 6 | B18: 14345 | C18: ARBYAN ALIF SAPUTRA
A19: 7 | B19: 14346 | C19: ARKAN DHIYA RAISAN PRADANA
A20: 8 | B20: 14347 | C20: ASROFI RAMADANI
A21: 9 | B21: 14348 | C21: DAFTA HAFIZ AFFANUDIN
A22: 10 | B22: 14349 | C22: DESTRA BINTANG WIJAYA
A23: 11 | B23: 14350 | C23: ELANG SANJAYA
A24: 12 | B24: 14351 | C24: FAIQ KHOLILU ROHMAN
... A40: 28 | B40: 14366 | C40: USAMAH FAQIH AHMAD
A41: 29
A42: 30
A44: CATATAN HARIAN GURU | L44: Deskripsi Penilaian
A45: NO | B45: Tanggal | C45: Kegiatan Pembelajaran | D45: Materi Pembelajaran
A46: 1 | C46: Menerangkan/Diskusi/Tugas/Ujian*) | L46: 1
A47: 2 | C47: Menerangkan/Diskusi/Tugas/Ujian*) | L47: 2
A48: 3 | C48: Menerangkan/Diskusi/Tugas/Ujian*) | L48: 3
A49: 4 | C49: Menerangkan/Diskusi/Tugas/Ujian*) | L49: 4
A50: 5 | C50: Menerangkan/Diskusi/Tugas/Ujian*) | L50: 5
A51: Keterangan : | K51: Bantul,……………………………………….
A52: Penilaian diisikan setiap kali melakukan penilaian harian berupa tugas, tes tertulis, tes lisan, tes unjuk kerja atau portopolio ( Validasi setiap Bulan ) | K52: Guru Bidang Studi
A54: *) Pada kolom kegiatan pembelajaran coret yang tidak dilakukan, kegiatan pembelajaran bisa lebih dari satu kegiatan
K55: …………………………………………….
K56: NBM…………………………………….
A58: *) 15-agu-2024

Sheet stat
A1: NO | B1: KELAS | C1: JUMLAH
A2: 1 | B2: XI TAV / TE | C2: =COUNTA('TAV 1'!$C$13:$C$46) -> 30
A3: 2 | B3: XI TPM 1 / TM 1 | C3: =COUNTA('TPM 1'!$C$13:$C$46) -> 34 | E3: NIS TERAKHIR : | H3: 14374 | I3: RADEN MOH ZULKARNAEN AL FARISSI | J3: 10 TM 1
A4: 3 | B4: XI TPM 2 / TM 2 | C4: =COUNTA('TPM 2'!$C$13:$C$48) -> 30
A5: 4 | B5: XI TKRO 1 / TO 1 | C5: =COUNTA('TKRO 1'!$C$13:$C$48) -> 28
A6: 5 | B6: XI TKRO 2 / TO 2 | C6: =COUNTA('TKRO 2'!$C$13:$C$46) -> 34
A7: 6 | B7: XI TKRO 3 / TO 3 | C7: =COUNTA('TKRO 3'!$C$13:$C$49) -> 32
A8: 7 | B8: XI TKRO 4 / TO 4 | C8: =COUNTA('TKRO 4'!$C$13:$C$49) -> 33
A9: 8 | B9: XI TKRO 5 / TO 5 | C9: =COUNTA('TKRO 5'!$C$13:$C$49) -> 29
A10: 9 | B10: XI TBSM 1 / TO 6 | C10: =COUNTA('TBSM 1'!$C$13:$C$50) -> 33
A11: 10 | B11: XI TBSM 2 / TO 7 | C11: =COUNTA('TBSM 2'!$C$13:$C$51) -> 33
A12: 11 | B12: XI TBSM 3 / TO 8 | C12: =COUNTA('TBSM 3'!$C$13:$C$50) -> 34
A13: 12 | B13: XI TBSM 4 / TO 9 | C13: =COUNTA('TBSM 4'!$C$13:$C$49) -> 24
A14: 13 | B14: XI RPL 1 / PPLG 1 | C14: =COUNTA('RPL 1'!$C$13:$C$39) -> 27
A15: 14 | B15: XI RPL 2 / PPLG 2 | C15: =COUNTA('RPL 2'!$C$13:$C$42) -> 28
A16: 15 | B16: XI RPL 3 / PPLG 3 | C16: =COUNTA('RPL 3'!$C$13:$C$42) -> 28
B17: TOTAL | C17: =SUM(C2:C16) -> 457

Sheet Total
A1: NO | B1: NIS | C1: NAMA SISWA | D1: KELAS | E1: KELAS 2 | F1: KET | I1: JURUSAN | J1: JUMLAH AWAL | K1: ROMBEL | L1: AKTIF | M1: KELUAR | N1: TOTAL AKTIF | O1: TOTAL KELUAR
A2: 1 | B2: 13862 | C2: AFIFAN PUTRA MUKLISHAN | D2: 11 TAV | E2: 11 TE | F2: AKTIF | I2: TE / TAV | J2: 31 | K2: 1 | L2: =COUNTIFS($E$2:$E$518,"11 TE",$F$2:$F$518,"AKTIF") -> 30 | M2: =COUNTIFS($E$2:$E$518,"11 TE",$F$2:$F$518,"KELUAR") -> 1 | N2: =SUM(L2) -> 30 | O2: =SUM(M2) -> 1
A3: 2 | B3: 13863 | C3: AGUS GALIH BUDI PRAKOSO | D3: 11 TAV | E3: 11 TE | F3: KELUAR | I3: TM / TPM | J3: 74 | K3: 1 | L3: =COUNTIFS($E$2:$E$518,"11 TM 1",$F$2:$F$518,"AKTIF") -> 34 | M3: =COUNTIFS($E$2:$E$518,"11 TM 1",$F$2:$F$518,"KELUAR") -> 4 | N3: =SUM(L3:L4) -> 64 | O3: =SUM(M3:M4) -> 10
A4: 3 | B4: 13864 | C4: AHMAD FALAKHUL MUTTAQI | D4: 11 TAV | E4: 11 TE | F4: AKTIF | K4: 2 | L4: =COUNTIFS($E$2:$E$518,"11 TM 2",$F$2:$F$518,"AKTIF") -> 30 | M4: =COUNTIFS($E$2:$E$518,"11 TM 2",$F$2:$F$518,"KELUAR") -> 6
A5: 4 | B5: 13865 | C5: ALBANI DIAN RASYID | D5: 11 TAV | E5: 11 TE | F5: AKTIF | I5: TO / TKR | J5: 173 | K5: 1 | L5: =COUNTIFS($E$2:$E$518,"11 TO 1",$F$2:$F$518,"AKTIF") -> 28 | M5: =COUNTIFS($E$2:$E$518,"11 TO 1",$F$2:$F$518,"KELUAR") -> 7 | N5: =SUM(L5:L9) -> 156 | O5: =SUM(M5:M9) -> 17
A6: 5 | B6: 13866 | C6: ALDIANO RIZKY | D6: 11 TAV | E6: 11 TE | F6: AKTIF | K6: 2 | L6: =COUNTIFS($E$2:$E$518,"11 TO 2",$F$2:$F$518,"AKTIF") -> 34 | M6: =COUNTIFS($E$2:$E$518,"11 TO 2",$F$2:$F$518,"KELUAR") -> 3
A7: 6 | B7: 13867 | C7: ALFIN MAULANA PUTRA | D7: 11 TAV | E7: 11 TE | F7: AKTIF | K7: 3 | L7: =COUNTIFS($E$2:$E$518,"11 TO 3",$F$2:$F$518,"AKTIF") -> 32 | M7: =COUNTIFS($E$2:$E$518,"11 TO 3",$F$2:$F$518,"KELUAR") -> 1
A8: 7 | B8: 13868 | C8: ARKHAB ISLAM SUPRIYADI | D8: 11 TAV | E8: 11 TE | F8: AKTIF | K8: 4 | L8: =COUNTIFS($E$2:$E$518,"11 TO 4",$F$2:$F$518,"AKTIF") -> 33 | M8: =COUNTIFS($E$2:$E$518,"11 TO 4",$F$2:$F$518,"KELUAR") -> 2
A9: 8 | B9: 13869 | C9: BAGAS ALAM NURSETO | D9: 11 TAV | E9: 11 TE | F9: AKTIF | K9: 5 | L9: =COUNTIFS($E$2:$E$518,"11 TO 5",$F$2:$F$518,"AKTIF") -> 29 | M9: =COUNTIFS($E$2:$E$518,"11 TO 5",$F$2:$F$518,"KELUAR") -> 4
A10: 9 | B10: 13870 | C10: DAFFAZACKY NURFIANSYAH | D10: 11 TAV | E10: 11 TE | F10: AKTIF | I10: TO / TSM | J10: 149 | K10: 1 | L10: =COUNTIFS($E$2:$E$518,"11 TO 6",$F$2:$F$518,"AKTIF") -> 33 | M10: =COUNTIFS($E$2:$E$518,"11 TO 6",$F$2:$F$518,"KELUAR") -> 4 | N10: =SUM(L10:L13) -> 124 | O10: =SUM(M10:M13) -> 25
A11: 10 | B11: 13871 | C11: DHIMAS SUNGKONO PUTRO | D11: 11 TAV | E11: 11 TE | F11: AKTIF | K11: 2 | L11: =COUNTIFS($E$2:$E$518,"11 TO 7",$F$2:$F$518,"AKTIF") -> 33 | M11: =COUNTIFS($E$2:$E$518,"11 TO 7",$F$2:$F$518,"KELUAR") -> 5
A12: 11 | B12: 13872 | C12: ELANGGA BAGAS AJI SAPUTRA | D12: 11 TAV | E12: 11 TE | F12: AKTIF | K12: 3 | L12: =COUNTIFS($E$2:$E$518,"11 TO 8",$F$2:$F$518,"AKTIF") -> 34 | M12: =COUNTIFS($E$2:$E$518,"11 TO 8",$F$2:$F$518,"KELUAR") -> 4
A13: 12 | B13: 13873 | C13: FAHRI ABDILLAH | D13: 11 TAV | E13: 11 TE | F13: AKTIF | K13: 4 | L13: =COUNTIFS($E$2:$E$518,"11 TO 9",$F$2:$F$518,"AKTIF") -> 24 | M13: =COUNTIFS($E$2:$E$518,"11 TO 9",$F$2:$F$518,"KELUAR") -> 12
A14: 13 | B14: 13874 | C14: FAIZZA ISNAN AFFANI | D14: 11 TAV | E14: 11 TE | F14: AKTIF | I14: PPLG / RPL | J14: 86 | K14: 1 | L14: =COUNTIFS($E$2:$E$518,"11 PPLG 1",$F$2:$F$518,"AKTIF") -> 27 | M14: =COUNTIFS($E$2:$E$518,"11 PPLG 1",$F$2:$F$518,"KELUAR") -> 3 | N14: =SUM(L14:L16) -> 83 | O14: =SUM(M14:M16) -> 3
A15: 14 | B15: 13875 | C15: FAJAR MUHAMMAD RIZKI | D15: 11 TAV | E15: 11 TE | F15: AKTIF | K15: 2 | L15: =COUNTIFS($E$2:$E$518,"11 PPLG 2",$F$2:$F$518,"AKTIF") -> 28 | M15: =COUNTIFS($E$2:$E$518,"11 PPLG 2",$F$2:$F$518,"KELUAR") -> 0
A16: 15 | B16: 13876 | C16: FATTEGAR YUSUF KHITHOBI | D16: 11 TAV | E16: 11 TE | F16: AKTIF | K16: 3 | L16: =COUNTIFS($E$2:$E$518,"11 PPLG 3",$F$2:$F$518,"AKTIF") -> 28 | M16: =COUNTIFS($E$2:$E$518,"11 PPLG 3",$F$2:$F$518,"KELUAR") -> 0
A17: 16 | B17: 13877 | C17: FRISTAMA DANAR ZAKIYA | D17: 11 TAV | E17: 11 TE | F17: AKTIF | I17: TOTAL | J17: =SUM(J2:J14) -> 513 | K17: =COUNTA(K2:K16) -> 15 | L17: =SUM(L2:L16) -> 457 | M17: =SUM(M2:M16) -> 56 | N17: =SUM(N2:N16) -> 457 | O17: =SUM(O2:O16) -> 56
A18: 17 | B18: 13878 | C18: HAFIF MALIK FALEKHAN | D18: 11 TAV | E18: 11 TE | F18: AKTIF
A19: 18 | B19: 13879 | C19: IRVAN HENDY KURNIAWAN | D19: 11 TAV | E19: 11 TE | F19: AKTIF
A20: 19 | B20: 13880 | C20: MARINTO DIRO SAPUTRO | D20: 11 TAV | E20: 11 TE | F20: AKTIF
A21: 20 | B21: 13881 | C21: MUHAMAD DAFFA ADLY MUSTHOFA | D21: 11 TAV | E21: 11 TE | F21: AKTIF
A22: 21 | B22: 13882 | C22: MUHAMAD SATRIA BUDIADIKARA | D22: 11 TAV | E22: 11 TE | F22: AKTIF
A23: 22 | B23: 13883 | C23: MUHAMMAD ADITYA PRATAMA | D23: 11 TAV | E23: 11 TE | F23: AKTIF
A24: 23 | B24: 13884 | C24: MUHAMMAD FARHAN FIRDAUS | D24: 11 TAV | E24: 11 TE | F24: AKTIF
A25: 24 | B25: 13885 | C25: MUHAMMAD KHOIRUL KHISAN | D25: 11 TAV | E25: 11 TE | F25: AKTIF
A26: 25 | B26: 13886 | C26: MUHAMMAD ZIDAN FATTU ROHMAN | D26: 11 TAV | E26: 11 TE | F26: AKTIF
A27: 26 | B27: 13887 | C27: RIZAL JAHFAL ADZIN | D27: 11 TAV | E27: 11 TE | F27: AKTIF
A28: 27 | B28: 13888 | C28: ROZAN ZAINUL RIJAL | D28: 11 TAV | E28: 11 TE | F28: AKTIF
A29: 28 | B29: 13889 | C29: SEPTIAN ADHIANSYAH RAMADHANI | D29: 11 TAV | E29: 11 TE | F29: AKTIF
... A60: 59 | B60: 13920 | C60: PRADIKA FADLI ALFA RENZA | D60: 11 TPM 1 | E60: 11 TM 1 | F60: KELUAR
A61: 60 | B61: 14374 | C61: RADEN MOH ZULKARNAEN AL FARISSI | D61: 11 TPM 1 | E61: 11 TM 1 | F61: KELUAR | G61: TN
A62: 61 | B62: 13921 | C62: RAMDHANI KARUNIAWAN | D62: 11 TPM 1 | E62: 11 TM 1 | F62: AKTIF
A63: 62 | B63: 13922 | C63: REZA NUR HABIB | D63: 11 TPM 1 | E63: 11 TM 1 | F63: AKTIF
A64: 63 | B64: 13923 | C64: RICHI WAHYU WIBOWO | D64: 11 TPM 1 | E64: 11 TM 1 | F64: AKTIF
A65: 64 | B65: 13924 | C65: RIZAL DIAN RAMADHAN | D65: 11 TPM 1 | E65: 11 TM 1 | F65: AKTIF
A66: 65 | B66: 13925 | C66: RONAA DAFFA PRATAMA | D66: 11 TPM 1 | E66: 11 TM 1 | F66: AKTIF
A67: 66 | B67: 13926 | C67: SYAHRI RAMADHANI | D67: 11 TPM 1 | E67: 11 TM 1 | F67: KELUAR
A68: 67 | B68: 13927 | C68: TIRTA BACHRONI | D68: 11 TPM 1 | E68: 11 TM 1 | F68: AKTIF
A69: 68 | B69: 13928 | C69: YOGA WIJAYA SAPUTRA | D69: 11 TPM 1 | E69: 11 TM 1 | F69: KELUAR
A70: 69 | B70: 13929 | C70: ZAKI KHOIRON | D70: 11 TPM 1 | E70: 11 TM 1 | F70: AKTIF
A71: 70 | B71: 13930 | C71: ADITYA NOVA RESTANTO | D71: 11 TPM 2 | E71: 11 TM 2 | F71: AKTIF
A72: 71 | B72: 13931 | C72: AFRIAN SURYA FEBRIANSYAH | D72: 11 TPM 2 | E72: 11 TM 2 | F72: AKTIF
A73: 72 | B73: 13932 | C73: AGUNG KURNIAWAN | D73: 11 TPM 2 | E73: 11 TM 2 | F73: KELUAR
... A116: 115 | B116: 13974 | C116: BAGUS ARIYA ADINATA | D116: 11 TKR 1 | E116: 11 TO 1 | F116: AKTIF
A117: 116 | B117: 13975 | C117: CESSYA JALU ALIF LUKMANSYAH | D117: 11 TKR 1 | E117: 11 TO 1 | F117: KELUAR | G117: TN
A118: 117 | B118: 13976 | C118: DEVANO RIZKY PRATAMA | D118: 11 TKR 1 | E118: 11 TO 1 | F118: AKTIF
A119: 118 | B119: 13977 | C119: DHIMAZ JORDAN | D119: 11 TKR 1 | E119: 11 TO 1 | F119: AKTIF
A120: 119 | B120: 13978 | C120: DWI PUTRA BERLIANTO | D120: 11 TKR 1 | E120: 11 TO 1 | F120: AKTIF
A121: 120 | B121: 13979 | C121: FADZLY DWI ARDIANSYAH | D121: 11 TKR 1 | E121: 11 TO 1 | F121: KELUAR
A122: 121 | B122: 13980 | C122: FAHRY DWI RAMADANI | D122: 11 TKR 1 | E122: 11 TO 1 | F122: AKTIF
A123: 122 | B123: 13981 | C123: FAUZAN DWI WAHYU NUGROHO | D123: 11 TKR 1 | E123: 11 TO 1 | F123: AKTIF
A124: 123 | B124: 13982 | C124: GALIH INZAQI | D124: 11 TKR 1 | E124: 11 TO 1 | F124: KELUAR
A125: 124 | B125: 14086 | C125: GILBRAN BIMA ADYAKSA | D125: 11 TKR 1 | E125: 11 TO 1 | F125: KELUAR
A126: 125 | B126: 13983 | C126: ILHAM EKA PUTRA ANNAFI | D126: 11 TKR 1 | E126: 11 TO 1 | F126: AKTIF
A127: 126 | B127: 13984 | C127: JULIAN AGUSTIN | D127: 11 TKR 1 | E127: 11 TO 1 | F127: AKTIF
A128: 127 | B128: 13985 | C128: MAHESA HENDRA PRIATAMA | D128: 11 TKR 1 | E128: 11 TO 1 | F128: KELUAR
A129: 128 | B129: 13986 | C129: MUHAMMAD ARY YUSUF | D129: 11 TKR 1 | E129: 11 TO 1 | F129: AKTIF
A130: 129 | B130: 13987 | C130: MUHAMMAD LUTFIRRAHMAN | D130: 11 TKR 1 | E130: 11 TO 1 | F130: AKTIF
A131: 130 | B131: 13988 | C131: MUHAMMAD SAIFUL MUZAKI | D131: 11 TKR 1 | E131: 11 TO 1 | F131: KELUAR | G131: TN
A132: 131 | B132: 13989 | C132: NAAFI ARYA FEBRIAN | D132: 11 TKR 1 | E132: 11 TO 1 | F132: AKTIF
A133: 132 | B133: 13990 | C133: NOVEL TRI MAHENDRA | D133: 11 TKR 1 | E133: 11 TO 1 | F133: AKTIF
A134: 133 | B134: 13991 | C134: RAFAEL WAHYU PRATAMA | D134: 11 TKR 1 | E134: 11 TO 1 | F134: AKTIF
A135: 134 | B135: 13992 | C135: RAIHAN EKA RADITA | D135: 11 TKR 1 | E135: 11 TO 1 | F135: AKTIF
A136: 135 | B136: 13993 | C136: RAYHAN DAFFA DZULHILMI | D136: 11 TKR 1 | E136: 11 TO 1 | F136: AKTIF
A137: 136 | B137: 13994 | C137: RIDHO NAFI' MAWANTO | D137: 11 TKR 1 | E137: 11 TO 1 | F137: KELUAR
A138: 137 | B138: 13995 | C138: SATRIA BAYU HUTOMO | D138: 11 TKR 1 | E138: 11 TO 1 | F138: AKTIF
A139: 138 | B139: 13996 | C139: SYARIEF HERNAWAN | D139: 11 TKR 1 | E139: 11 TO 1 | F139: AKTIF
A140: 139 | B140: 13997 | C140: VIKY FAREL | D140: 11 TKR 1 | E140: 11 TO 1 | F140: AKTIF
A141: 140 | B141: 13998 | C141: YUDHA PRATAMA | D141: 11 TKR 1 | E141: 11 TO 1 | F141: AKTIF
A142: 141 | B142: 13999 | C142: ACHMAD DAFFA PUTRA SAMUDRA | D142: 11 TKR 2 | E142: 11 TO 2 | F142: AKTIF
A143: 142 | B143: 14000 | C143: AGHA SATRIA NUR AKBAR | D143: 11 TKR 2 | E143: 11 TO 2 | F143: AKTIF
... A300: 299 | B300: 14158 | C300: MUHAMMAD MUSTOFA AGUS MUSLIM | D300: 11 TSM 1 | E300: 11 TO 6 | F300: AKTIF
A301: 300 | B301: 14159 | C301: MUHAMMAD NUR RAIHAN | D301: 11 TSM 1 | E301: 11 TO 6 | F301: KELUAR | G301: TN
A302: 301 | B302: 14160 | C302: MUHAMMAD RIF'AN ZAIDAN AZRA | D302: 11 TSM 1 | E302: 11 TO 6 | F302: AKTIF
A303: 302 | B303: 14161 | C303: MUHAMMAD WIBIE MUQTAVA | D303: 11 TSM 1 | E303: 11 TO 6 | F303: AKTIF
A304: 303 | B304: 14162 | C304: NOVENDRA RIZKI ANGGARA | D304: 11 TSM 1 | E304: 11 TO 6 | F304: AKTIF
A305: 304 | B305: 14163 | C305: PUTU SEPTRI ROMADHON | D305: 11 TSM 1 | E305: 11 TO 6 | F305: AKTIF
A306: 305 | B306: 14164 | C306: RAFFI HADI WIBOWO | D306: 11 TSM 1 | E306: 11 TO 6 | F306: AKTIF
A307: 306 | B307: 14165 | C307: RAKA HAFIZH VALLENTA | D307: 11 TSM 1 | E307: 11 TO 6 | F307: KELUAR | G307: TN
A308: 307 | B308: 14166 | C308: RAVA RYAN ARIFANASYAH | D308: 11 TSM 1 | E308: 11 TO 6 | F308: AKTIF
A309: 308 | B309: 14167 | C309: RENDRA HENGKY SAPUTRA | D309: 11 TSM 1 | E309: 11 TO 6 | F309: AKTIF
A310: 309 | B310: 14168 | C310: RIO AHMAD DANUARTA | D310: 11 TSM 1 | E310: 11 TO 6 | F310: AKTIF
A311: 310 | B311: 14169 | C311: RIZKY RAMADHANI | D311: 11 TSM 1 | E311: 11 TO 6 | F311: AKTIF
A312: 311 | B312: 14170 | C312: SAKHA ZAINUM MUTTAQIM | D312: 11 TSM 1 | E312: 11 TO 6 | F312: AKTIF
A313: 312 | B313: 14171 | C313: SOFYAN WISNU MUNANDAR | D313: 11 TSM 1 | E313: 11 TO 6 | F313: AKTIF
A314: 313 | B314: 14172 | C314: VALERINO PANDU HIDAYATULLAH | D314: 11 TSM 1 | E314: 11 TO 6 | F314: AKTIF
A315: 314 | B315: 14173 | C315: WIRAYUDHA PRADHITA | D315: 11 TSM 1 | E315: 11 TO 6 | F315: AKTIF
A316: 315 | B316: 14174 | C316: ZANDRA IKHSAN WAHYU PRATAMA | D316: 11 TSM 1 | E316: 11 TO 6 | F316: AKTIF
A317: 316 | B317: 14175 | C317: ABID YULIAN | D317: 11 TSM 2 | E317: 11 TO 7 | F317: AKTIF
A318: 317 | B318: 14176 | C318: AJI GALANG ROMADHON | D318: 11 TSM 2 | E318: 11 TO 7 | F318: AKTIF
A319: 318 | B319: 14177 | C319: ALENDRA RESTU WIJANARKO | D319: 11 TSM 2 | E319: 11 TO 7 | F319: AKTIF
... A326: 325 | B326: 14184 | C326: DEVDAN AFRIZA MIFDLAL | D326: 11 TSM 2 | E326: 11 TO 7 | F326: AKTIF
A327: 326 | B327: 14185 | C327: EAGLE SAKTI AFRIZA | D327: 11 TSM 2 | E327: 11 TO 7 | F327: KELUAR | G327: TN
A328: 327 | B328: 14186 | C328: FADHLI PRATAMA PUTRA | D328: 11 TSM 2 | E328: 11 TO 7 | F328: KELUAR
A329: 328 | B329: 14187 | C329: FAJAR PUTRA PRATAMA | D329: 11 TSM 2 | E329: 11 TO 7 | F329: AKTIF
A330: 329 | B330: 14188 | C330: FAREL RAFIF SUSILO | D330: 11 TSM 2 | E330: 11 TO 7 | F330: AKTIF
A331: 330 | B331: 14189 | C331: FERDIAN DWI NURRAHMAT | D331: 11 TSM 2 | E331: 11 TO 7 | F331: AKTIF
A332: 331 | B332: 14190 | C332: GUNTUR HANANTA HIJRI | D332: 11 TSM 2 | E332: 11 TO 7 | F332: KELUAR
A333: 332 | B333: 14191 | C333: IRFAN SEPTRIAWAN | D333: 11 TSM 2 | E333: 11 TO 7 | F333: AKTIF
A334: 333 | B334: 14192 | C334: LUTHFIAN CAHYA ROVIMAN | D334: 11 TSM 2 | E334: 11 TO 7 | F334: AKTIF
...

Sheet alamat
A1: NO | B1: NO DAFTAR | C1: NIS | D1: NAMA SISWA | E1: KELAS | F1: KET | G1: HP 1 | H1: HP 2 | I1: DUSUN | J1: RT | K1: DESA | L1: KECAMATAN | M1: ORANG TUA | N1: SMP/MTs | O1: Tgl Lahir
A2: 1 | B2: MSB24-00-069 | C2: 14286 | D2: ADE SUKMA RISTY ALDI | E2: =VLOOKUP(D2,Total!$C$2:$D$518,2,0) -> 11 RPL 1 | F2: =VLOOKUP(C2,Total!$B$2:$F$514,5,0) -> AKTIF | G2: =VLOOKUP($B2,master!$B$3:$S$600,16,0) -> 087839616444 | H2: =VLOOKUP($B2,master!$B$3:$S$600,17,0) -> 0 | I2: =VLOOKUP($B2,master!$B$3:$S$600,8,0) -> SEROPAN III | J2: =VLOOKUP($B2,master!$B$3:$S$600,9,0) -> 8 | K2: =VLOOKUP($B2,master!$B$3:$S$600,11,0) -> MUNTUK | L2: =VLOOKUP($B2,master!$B$3:$S$600,12,0) -> DLINGO | M2: =VLOOKUP($B2,master!$B$3:$S$600,6,0) -> HARNA | N2: =VLOOKUP($B2,master!$B$3:$S$600,15,0) -> SMP MUHAMMADIYAH 2 DLINGO | O2: =VLOOKUP($B2,master!$B$3:$S$600,4,0) -> 6-12-2008
A3: 2 | B3: MSB24-03-402 | C3: 14287 | D3: AINUGRAH AFFIF FEBRYANO | E3: =VLOOKUP(D3,Total!$C$2:$D$518,2,0) -> 11 RPL 1 | F3: =VLOOKUP(C3,Total!$B$2:$F$514,5,0) -> AKTIF | G3: =VLOOKUP($B3,master!$B$3:$S$600,16,0) -> 082135340660 | H3: =VLOOKUP($B3,master!$B$3:$S$600,17,0) -> 085229529454 | I3: =VLOOKUP($B3,master!$B$3:$S$600,8,0) -> DAGEN, GUMUK | J3: =VLOOKUP($B3,master!$B$3:$S$600,9,0) -> 04 | K3: =VLOOKUP($B3,master!$B$3:$S$600,11,0) -> RINGINHARJO | L3: =VLOOKUP($B3,master!$B$3:$S$600,12,0) -> BANTUL | M3: =VLOOKUP($B3,master!$B$3:$S$600,6,0) -> ALFI ANTORO | N3: =VLOOKUP($B3,master!$B$3:$S$600,15,0) -> SMP N 1BANTUL | O3: =VLOOKUP($B3,master!$B$3:$S$600,4,0) -> 26-02-2008
A4: 3 | B4: MSB24-03-556 | C4: 14288 | D4: ALAYKA SAFA | E4: =VLOOKUP(D4,Total!$C$2:$D$518,2,0) -> 11 RPL 1 | F4: =VLOOKUP(C4,Total!$B$2:$F$514,5,0) -> AKTIF | G4: =VLOOKUP($B4,master!$B$3:$S$600,16,0) -> 081393912565 | H4: =VLOOKUP($B4,master!$B$3:$S$600,17,0) -> 081393912565 | I4: =VLOOKUP($B4,master!$B$3:$S$600,8,0) -> DUKUH | J4: =VLOOKUP($B4,master!$B$3:$S$600,9,0) -> 2 | K4: =VLOOKUP($B4,master!$B$3:$S$600,11,0) -> GUWOSARI | L4: =VLOOKUP($B4,master!$B$3:$S$600,12,0) -> PAJANGAN | M4: =VLOOKUP($B4,master!$B$3:$S$600,6,0) -> ATIN KOMALASARI | N4: =VLOOKUP($B4,master!$B$3:$S$600,15,0) -> SMP N 3 PANDAK | O4: =VLOOKUP($B4,master!$B$3:$S$600,4,0) -> 27-03-2009
A5: 4 | B5: MSB24-03-462 | C5: 14289 | D5: ALERASYA BINTANG ADITYA | E5: =VLOOKUP(D5,Total!$C$2:$D$518,2,0) -> 11 RPL 1 | F5: =VLOOKUP(C5,Total!$B$2:$F$514,5,0) -> AKTIF | G5: =VLOOKUP($B5,master!$B$3:$S$600,16,0) -> 082136838721 | H5: =VLOOKUP($B5,master!$B$3:$S$600,17,0) -> 081393192003 | I5: =VLOOKUP($B5,master!$B$3:$S$600,8,0) -> PANGKAH | J5: =VLOOKUP($B5,master!$B$3:$S$600,9,0) -> 1 | K5: =VLOOKUP($B5,master!$B$3:$S$600,11,0) -> SUMBERAGUNG | L5: =VLOOKUP($B5,master!$B$3:$S$600,12,0) -> JETIS | M5: =VLOOKUP($B5,master!$B$3:$S$600,6,0) -> YULIA WULANDARI | N5: =VLOOKUP($B5,master!$B$3:$S$600,15,0) -> SMP N 3 JETIS | O5: =VLOOKUP($B5,master!$B$3:$S$600,4,0) -> 27-10-2007
A6: 5 | B6: MSB24-00-058 | C6: 14290 | D6: ALIF AZIZAN AMIRUDIN | E6: =VLOOKUP(D6,Total!$C$2:$D$518,2,0) -> 11 RPL 1 | F6: =VLOOKUP(C6,Total!$B$2:$F$514,5,0) -> AKTIF | G6: =VLOOKUP($B6,master!$B$3:$S$600,16,0) -> 08812469482 | H6: =VLOOKUP($B6,master!$B$3:$S$600,17,0) -> 0 | I6: =VLOOKUP($B6,master!$B$3:$S$600,8,0) -> JOPAITAN | J6: =VLOOKUP($B6,master!$B$3:$S$600,9,0) -> 2 | K6: =VLOOKUP($B6,master!$B$3:$S$600,11,0) -> SERUT | L6: =VLOOKUP($B6,master!$B$3:$S$600,12,0) -> PALBAPANG | M6: =VLOOKUP($B6,master!$B$3:$S$600,6,0) -> ENDANG WINARTI | N6: =VLOOKUP($B6,master!$B$3:$S$600,15,0) -> SMP MUHAMMADIYAH 2 BAMBANGLIPURO | O6: =VLOOKUP($B6,master!$B$3:$S$600,4,0) -> 19-02-2009
A7: 6 | B7: MSB24-03-576 | C7: 14291 | D7: ASHELIA REYVA SAFANA | E7: =VLOOKUP(D7,Total!$C$2:$D$518,2,0) -> 11 RPL 1 | F7: =VLOOKUP(C7,Total!$B$2:$F$514,5,0) -> AKTIF | G7: =VLOOKUP($B7,master!$B$3:$S$600,16,0) -> 087738471187 | H7: =VLOOKUP($B7,master!$B$3:$S$600,17,0) -> 085952895831 | I7: =VLOOKUP($B7,master!$B$3:$S$600,8,0) -> Sulang Lor | J7: =VLOOKUP($B7,master!$B$3:$S$600,9,0) -> 54 | K7: =VLOOKUP($B7,master!$B$3:$S$600,11,0) -> PATALAN | L7: =VLOOKUP($B7,master!$B$3:$S$600,12,0) -> JETIS | M7: =VLOOKUP($B7,master!$B$3:$S$600,6,0) -> Saifuddin | N7: =VLOOKUP($B7,master!$B$3:$S$600,15,0) -> SMP N 3 JETIS | O7: =VLOOKUP($B7,master!$B$3:$S$600,4,0) -> 23-03-2009
A8: 7 | B8: MSB24-03-310 | C8: 14292 | D8: AXEL SURYA PUTRA PRATAMA | E8: =VLOOKUP(D8,Total!$C$2:$D$518,2,0) -> 11 RPL 1 | F8: =VLOOKUP(C8,Total!$B$2:$F$514,5,0) -> AKTIF | G8: =VLOOKUP($B8,master!$B$3:$S$600,16,0) -> 0882008169635 | H8: =VLOOKUP($B8,master!$B$3:$S$600,17,0) -> 0882008169635 | I8: =VLOOKUP($B8,master!$B$3:$S$600,8,0) -> GUNTURAN | J8: =VLOOKUP($B8,master!$B$3:$S$600,9,0) -> 07 | K8: =VLOOKUP($B8,master!$B$3:$S$600,11,0) -> TRIHARJO | L8: =VLOOKUP($B8,master!$B$3:$S$600,12,0) -> PANDAK | M8: =VLOOKUP($B8,master!$B$3:$S$600,6,0) -> Sarjito | N8: =VLOOKUP($B8,master!$B$3:$S$600,15,0) -> SMP N 2 PANDAK | O8: =VLOOKUP($B8,master!$B$3:$S$600,4,0) -> 22-02-2009
A9: 8 | B9: MSB24-04-650 | C9: 14370 | D9: CHEREN DRUGEDI | E9: =VLOOKUP(D9,Total!$C$2:$D$518,2,0) -> 11 RPL 1 | F9: =VLOOKUP(C9,Total!$B$2:$F$514,5,0) -> KELUAR | G9: =VLOOKUP($B9,master!$B$3:$S$600,16,0) -> 085867413730 | H9: =VLOOKUP($B9,master!$B$3:$S$600,17,0) -> 082221364609 | I9: =VLOOKUP($B9,master!$B$3:$S$600,8,0) -> SIRAT | J9: =VLOOKUP($B9,master!$B$3:$S$600,9,0) -> 4 | K9: =VLOOKUP($B9,master!$B$3:$S$600,11,0) -> SIDOMULYO | L9: =VLOOKUP($B9,master!$B$3:$S$600,12,0) -> BAMBANGLIPURO | M9: =VLOOKUP($B9,master!$B$3:$S$600,6,0) -> SUPRIHATIN | N9: =VLOOKUP($B9,master!$B$3:$S$600,15,0) -> SMP N 1 BAMBANGLIPURO | O9: =VLOOKUP($B9,master!$B$3:$S$600,4,0) -> 7-11-2007
A10: 9 | B10: MSB24-03-511 | C10: 14293 | D10: CITRA ATHAYA SHYFA | E10: =VLOOKUP(D10,Total!$C$2:$D$518,2,0) -> 11 RPL 1 | F10: =VLOOKUP(C10,Total!$B$2:$F$514,5,0) -> AKTIF | G10: =VLOOKUP($B10,master!$B$3:$S$600,16,0) -> 081228148917 | H10: =VLOOKUP($B10,master!$B$3:$S$600,17,0) -> 085602727695 | I10: =VLOOKUP($B10,master!$B$3:$S$600,8,0) -> BAYURAN | J10: =VLOOKUP($B10,master!$B$3:$S$600,9,0) -> 4 | K10: =VLOOKUP($B10,master!$B$3:$S$600,11,0) -> SUMBERAGUNG | L10: =VLOOKUP($B10,master!$B$3:$S$600,12,0) -> JETIS | M10: =VLOOKUP($B10,master!$B$3:$S$600,6,0) -> MURGIYANTI | N10: =VLOOKUP($B10,master!$B$3:$S$600,15,0) -> SMP N 3 JETIS | O10: =VLOOKUP($B10,master!$B$3:$S$600,4,0) -> 15-06-2008
A11: 10 | B11: MSB24-03-586 | C11: 14294 | D11: DINDA SINTIASARI | E11: =VLOOKUP(D11,Total!$C$2:$D$518,2,0) -> 11 RPL 1 | F11: =VLOOKUP(C11,Total!$B$2:$F$514,5,0) -> AKTIF | G11: =VLOOKUP($B11,master!$B$3:$S$600,16,0) -> 0895421188596 | H11: =VLOOKUP($B11,master!$B$3:$S$600,17,0) -> 089506473141 | I11: =VLOOKUP($B11,master!$B$3:$S$600,8,0) -> TRAYEMAN | J11: =VLOOKUP($B11,master!$B$3:$S$600,9,0) -> 01 | K11: =VLOOKUP($B11,master!$B$3:$S$600,11,0) -> PLERET | L11: =VLOOKUP($B11,master!$B$3:$S$600,12,0) -> PLERET | M11: =VLOOKUP($B11,master!$B$3:$S$600,6,0) -> siti nariyah | N11: =VLOOKUP($B11,master!$B$3:$S$600,15,0) -> SMP N 2 PLERET | O11: =VLOOKUP($B11,master!$B$3:$S$600,4,0) -> 16-06-2008
A12: 11 | B12: MSB24-04-639 | C12: 14295 | D12: FACHRIANSYAH AL MA'RUF | E12: =VLOOKUP(D12,Total!$C$2:$D$518,2,0) -> 11 RPL 1 | F12: =VLOOKUP(C12,Total!$B$2:$F$514,5,0) -> AKTIF | G12: =VLOOKUP($B12,master!$B$3:$S$600,16,0) -> 0882005916840 | H12: =VLOOKUP($B12,master!$B$3:$S$600,17,0) -> 0895343008284 | I12: =VLOOKUP($B12,master!$B$3:$S$600,8,0) -> SENGGOTAN DK. DONGKE | J12: =VLOOKUP($B12,master!$B$3:$S$600,9,0) -> 009 | K12: =VLOOKUP($B12,master!$B$3:$S$600,11,0) -> TIRTONIRMOLO | L12: =VLOOKUP($B12,master!$B$3:$S$600,12,0) -> KASIHAN | M12: =VLOOKUP($B12,master!$B$3:$S$600,6,0) -> SUHARNO | N12: =VLOOKUP($B12,master!$B$3:$S$600,15,0) -> SMP MUHAMMADIYAH KASIHAN | O12: =VLOOKUP($B12,master!$B$3:$S$600,4,0) -> 8-08-2008
A13: 12 | B13: MSB24-03-596 | C13: 14296 | D13: FAISHAL HAFIZH RAMADHAN | E13: =VLOOKUP(D13,Total!$C$2:$D$518,2,0) -> 11 RPL 1 | F13: =VLOOKUP(C13,Total!$B$2:$F$514,5,0) -> AKTIF | G13: =VLOOKUP($B13,master!$B$3:$S$600,16,0) -> 085158898920 | H13: =VLOOKUP($B13,master!$B$3:$S$600,17,0) -> 081228682344 | I13: =VLOOKUP($B13,master!$B$3:$S$600,8,0) -> BEMBEM | J13: =VLOOKUP($B13,master!$B$3:$S$600,9,0) -> 8 | K13: =VLOOKUP($B13,master!$B$3:$S$600,11,0) -> TRIMULYO | L13: =VLOOKUP($B13,master!$B$3:$S$600,12,0) -> JETIS | M13: =VLOOKUP($B13,master!$B$3:$S$600,6,0) -> RUSDA FAUZAN | N13: =VLOOKUP($B13,master!$B$3:$S$600,15,0) -> SMP N 1 JETIS | O13: =VLOOKUP($B13,master!$B$3:$S$600,4,0) -> 27-09-2008
... A499: 498 | B499: MSB24-00-091 | C499: 13950 | D499: MUHAMMAD MUKLIS NURROHMAN | E499: =VLOOKUP(D499,Total!$C$2:$D$518,2,0) -> 11 TPM 2 | F499: =VLOOKUP(C499,Total!$B$2:$F$514,5,0) -> AKTIF | G499: =VLOOKUP($B499,master!$B$3:$S$600,16,0) -> 89652968104 | H499: =VLOOKUP($B499,master!$B$3:$S$600,17,0) -> 0 | I499: =VLOOKUP($B499,master!$B$3:$S$600,8,0) -> CENGKIRAN | J499: =VLOOKUP($B499,master!$B$3:$S$600,9,0) -> 8 | K499: =VLOOKUP($B499,master!$B$3:$S$600,11,0) -> TRIHARJO | L499: =VLOOKUP($B499,master!$B$3:$S$600,12,0) -> PANDAK | M499: =VLOOKUP($B499,master!$B$3:$S$600,6,0) -> ROHADI | N499: =VLOOKUP($B499,master!$B$3:$S$600,15,0) -> SMP N 3 PANDAK | O499: =VLOOKUP($B499,master!$B$3:$S$600,4,0) -> 10-06-2008
A500: 499 | B500: MSB24-00-122 | C500: 13951 | D500: MUHAMMAD NAUFAL RAMADHAN | E500: =VLOOKUP(D500,Total!$C$2:$D$518,2,0) -> 11 TPM 2 | F500: =VLOOKUP(C500,Total!$B$2:$F$514,5,0) -> AKTIF | G500: =VLOOKUP($B500,master!$B$3:$S$600,16,0) -> 082137188517 | H500: =VLOOKUP($B500,master!$B$3:$S$600,17,0) -> - | I500: =VLOOKUP($B498;master!$B$3:C511;8;0) | J500: =VLOOKUP($B500,master!$B$3:$S$600,9,0) -> 4 | K500: =VLOOKUP($B500,master!$B$3:$S$600,11,0) -> SRIHARDONO | L500: =VLOOKUP($B500,master!$B$3:$S$600,12,0) -> PUNDONG | M500: =VLOOKUP($B500,master!$B$3:$S$600,6,0) -> SAFRIDONI/WIJI LESTARI | N500: =VLOOKUP($B500,master!$B$3:$S$600,15,0) -> SMP Baitul Quran Cendekia | O500: =VLOOKUP($B500,master!$B$3:$S$600,4,0) -> 17-09-2007
A501: 500 | B501: MSB24-04-653 | C501: 14373 | D501: MUHAMMAD SYAHRUL IKHWAN | E501: =VLOOKUP(D501,Total!$C$2:$D$518,2,0) -> 11 TPM 2 | F501: =VLOOKUP(C501,Total!$B$2:$F$514,5,0) -> AKTIF | G501: =VLOOKUP($B501,master!$B$3:$S$600,16,0) -> 085643719786 | H501: =VLOOKUP($B501,master!$B$3:$S$600,17,0) -> 089692720008 | I501: =VLOOKUP($B501,master!$B$3:$S$600,8,0) -> BANDUNG | J501: =VLOOKUP($B501,master!$B$3:$S$600,9,0) -> 29 | K501: =VLOOKUP($B501,master!$B$3:$S$600,11,0) -> PENDOWOHARJO | L501: =VLOOKUP($B501,master!$B$3:$S$600,12,0) -> SEWON | M501: =VLOOKUP($B501,master!$B$3:$S$600,6,0) -> KUSWANTI | N501: =VLOOKUP($B501,master!$B$3:$S$600,15,0) -> SMP MUHAMMADIYAH SEWON | O501: =VLOOKUP($B501,master!$B$3:$S$600,4,0) -> 24-04-2008
A502: 501 | B502: MSB24-04-618 | C502: 13952 | D502: MUHAMMAD ZACKY BRIGAS SATRIAJI | E502: =VLOOKUP(D502,Total!$C$2:$D$518,2,0) -> 11 TPM 2 | F502: =VLOOKUP(C502,Total!$B$2:$F$514,5,0) -> AKTIF | G502: =VLOOKUP($B502,master!$B$3:$S$600,16,0) -> 089646568434 | H502: =VLOOKUP($B502,master!$B$3:$S$600,17,0) -> 0895620509933 | I502: =VLOOKUP($B502,master!$B$3:$S$600,8,0) -> PATEN | J502: =VLOOKUP($B502,master!$B$3:$S$600,9,0) -> 06 | K502: =VLOOKUP($B502,master!$B$3:$S$600,11,0) -> TIMBULHARJO | L502: =VLOOKUP($B502,master!$B$3:$S$600,12,0) -> SEWON | M502: =VLOOKUP($B502,master!$B$3:$S$600,6,0) -> ANDRIYANTO | N502: =VLOOKUP($B502,master!$B$3:$S$600,15,0) -> MTS N 4 BANTUL | O502: =VLOOKUP($B502,master!$B$3:$S$600,4,0) -> 26-03-2008
A503: 502 | B503: MSB24-02-248 | C503: 13953 | D503: NASYWAN HIDAYATULLAH | E503: =VLOOKUP(D503,Total!$C$2:$D$518,2,0) -> 11 TPM 2 | F503: =VLOOKUP(C503,Total!$B$2:$F$514,5,0) -> AKTIF | G503: =VLOOKUP($B503,master!$B$3:$S$600,16,0) -> 082230510426 | H503: =VLOOKUP($B503,master!$B$3:$S$600,17,0) -> 085967055628 | I503: =VLOOKUP($B503,master!$B$3:$S$600,8,0) -> SELOBENTAR | J503: =VLOOKUP($B503,master!$B$3:$S$600,9,0) -> 32 | K503: =VLOOKUP($B503,master!$B$3:$S$600,11,0) -> TRIMURTI | L503: =VLOOKUP($B503,master!$B$3:$S$600,12,0) -> SRANDAKAN | M503: =VLOOKUP($B503,master!$B$3:$S$600,6,0) -> RATIJAH | N503: =VLOOKUP($B503,master!$B$3:$S$600,15,0) -> SMP N 2 SRANDAKAN | O503: =VLOOKUP($B503,master!$B$3:$S$600,4,0) -> 27-11-2008
A504: 503 | B504: MSB24-00-113 | C504: 13954 | D504: NAUFAL PUTRA FIANTO | E504: =VLOOKUP(D504,Total!$C$2:$D$518,2,0) -> 11 TPM 2 | F504: =VLOOKUP(C504,Total!$B$2:$F$514,5,0) -> AKTIF | G504: =VLOOKUP($B504,master!$B$3:$S$600,16,0) -> 081804388666 | H504: =VLOOKUP($B504,master!$B$3:$S$600,17,0) -> - | I504: =VLOOKUP($B504,master!$B$3:$S$600,8,0) -> GENDENG | J504: =VLOOKUP($B504,master!$B$3:$S$600,9,0) -> 3 | K504: =VLOOKUP($B504,master!$B$3:$S$600,11,0) -> BANGUNJIWO | L504: =VLOOKUP($B504,master!$B$3:$S$600,12,0) -> KASIHAN | M504: =VLOOKUP($B504,master!$B$3:$S$600,6,0) -> SUWANTO | N504: =VLOOKUP($B504,master!$B$3:$S$600,15,0) -> MTS MUHAMMADIYAH KASIHAN | O504: =VLOOKUP($B504,master!$B$3:$S$600,4,0) -> 9-10-2008
A505: 504 | B505: MSB24-04-638 | C505: 13955 | D505: NICO DANI ANGGARA | E505: =VLOOKUP(D505,Total!$C$2:$D$518,2,0) -> 11 TPM 2 | F505: =VLOOKUP(C505,Total!$B$2:$F$514,5,0) -> AKTIF | G505: =VLOOKUP($B505,master!$B$3:$S$600,16,0) -> 082265269142 | H505: =VLOOKUP($B505,master!$B$3:$S$600,17,0) -> 083841783198 | I505: =VLOOKUP($B505,master!$B$3:$S$600,8,0) -> BARAN | J505: =VLOOKUP($B505,master!$B$3:$S$600,9,0) -> 001 | K505: =VLOOKUP($B505,master!$B$3:$S$600,11,0) -> SRIHARDONO | L505: =VLOOKUP($B505,master!$B$3:$S$600,12,0) -> PUNDONG | M505: =VLOOKUP($B505,master!$B$3:$S$600,6,0) -> AGUS SARWANTO | N505: =VLOOKUP($B505,master!$B$3:$S$600,15,0) -> SMP N 2 PUNDONG | O505: =VLOOKUP($B505,master!$B$3:$S$600,4,0) -> 29-03-2008
A506: 505 | B506: MSB24-03-385 | C506: 13956 | D506: NUR AZIZ RAMADHANI | E506: =VLOOKUP(D506,Total!$C$2:$D$518,2,0) -> 11 TPM 2 | F506: =VLOOKUP(C506,Total!$B$2:$F$514,5,0) -> AKTIF | G506: =VLOOKUP($B506,master!$B$3:$S$600,16,0) -> 089632313761/089636391551 | H506: =VLOOKUP($B506,master!$B$3:$S$600,17,0) -> 08963639155 | I506: =VLOOKUP($B506,master!$B$3:$S$600,8,0) -> TEGAL DOWO | J506: =VLOOKUP($B506,master!$B$3:$S$600,9,0) -> 4 | K506: =VLOOKUP($B506,master!$B$3:$S$600,11,0) -> BANTUL | L506: =VLOOKUP($B506,master!$B$3:$S$600,12,0) -> BANTUL | M506: =VLOOKUP($B506,master!$B$3:$S$600,6,0) -> KARWATI | N506: =VLOOKUP($B506,master!$B$3:$S$600,15,0) -> SMP N 4 SEWON | O506: =VLOOKUP($B506,master!$B$3:$S$600,4,0) -> 1-10-2007
A507: 506 | B507: MSB24-03-484 | C507: 13957 | D507: RAFI SATRIA ATMAJA | E507: =VLOOKUP(D507,Total!$C$2:$D$518,2,0) -> 11 TPM 2 | F507: =VLOOKUP(C507,Total!$B$2:$F$514,5,0) -> AKTIF | G507: =VLOOKUP($B507,master!$B$3:$S$600,16,0) -> 085103536350 | H507: =VLOOKUP($B507,master!$B$3:$S$600,17,0) -> 0882006985378 | I507: =VLOOKUP($B507,master!$B$3:$S$600,8,0) -> SINGOSAREN | J507: =VLOOKUP($B507,master!$B$3:$S$600,9,0) -> 1 | K507: =VLOOKUP($B507,master!$B$3:$S$600,11,0) -> WUKIRSARI | L507: =VLOOKUP($B507,master!$B$3:$S$600,12,0) -> IMOGIRI | M507: =VLOOKUP($B507,master!$B$3:$S$600,6,0) -> MUHAMAD SUBKHAN | N507: =VLOOKUP($B507,master!$B$3:$S$600,15,0) -> SMP AL MA'ARIF IMOGIRI | O507: =VLOOKUP($B507,master!$B$3:$S$600,4,0) -> 7-08-2008
A508: 507 | B508: MSB24-00-061 | C508: 13958 | D508: RESANG PANGESTU | E508: =VLOOKUP(D508,Total!$C$2:$D$518,2,0) -> 11 TPM 2 | F508: =VLOOKUP(C508,Total!$B$2:$F$514,5,0) -> AKTIF | G508: =VLOOKUP($B508,master!$B$3:$S$600,16,0) -> 85228636179 | H508: =VLOOKUP($B508,master!$B$3:$S$600,17,0) -> 0 | I508: =VLOOKUP($B508,master!$B$3:$S$600,8,0) -> KADISORO | J508: =VLOOKUP($B508,master!$B$3:$S$600,9,0) -> 3 | K508: =VLOOKUP($B508,master!$B$3:$S$600,11,0) -> GILANGHARJO | L508: =VLOOKUP($B508,master!$B$3:$S$600,12,0) -> PANDAK | M508: =VLOOKUP($B508,master!$B$3:$S$600,6,0) -> ANGGA INDRIAWAN P | N508: =VLOOKUP($B508,master!$B$3:$S$600,15,0) -> SMP N 3 PANDAK | O508: =VLOOKUP($B508,master!$B$3:$S$600,4,0) -> 2-02-2008
A509: 508 | B509: MSB24-00-111 | C509: 13959 | D509: REZALDY YUGA PUTRA | E509: =VLOOKUP(D509,Total!$C$2:$D$518,2,0) -> 11 TPM 2 | F509: =VLOOKUP(C509,Total!$B$2:$F$514,5,0) -> AKTIF | G509: =VLOOKUP($B509,master!$B$3:$S$600,16,0) -> 088216647137 | H509: =VLOOKUP($B509,master!$B$3:$S$600,17,0) -> - | I509: =VLOOKUP($B509,master!$B$3:$S$600,8,0) -> NENGAHAN | J509: =VLOOKUP($B509,master!$B$3:$S$600,9,0) -> 86 | K509: =VLOOKUP($B509,master!$B$3:$S$600,11,0) -> TRIMURTI | L509: =VLOOKUP($B509,master!$B$3:$S$600,12,0) -> SRANDAKAN | M509: =VLOOKUP($B509,master!$B$3:$S$600,6,0) -> ISMUNANDAR | N509: =VLOOKUP($B509,master!$B$3:$S$600,15,0) -> SMP N 1 SRANDAKAN | O509: =VLOOKUP($B509,master!$B$3:$S$600,4,0) -> 17-02-2009
A510: 509 | B510: MSB24-04-607 | C510: 13960 | D510: RIFKI ADINATA | E510: =VLOOKUP(D510,Total!$C$2:$D$518,2,0) -> 11 TPM 2 | F510: =VLOOKUP(C510,Total!$B$2:$F$514,5,0) -> AKTIF | G510: =VLOOKUP($B510,master!$B$3:$S$600,16,0) -> 083126193252 | H510: =VLOOKUP($B510,master!$B$3:$S$600,17,0) -> 083126193252 | I510: =VLOOKUP($B510,master!$B$3:$S$600,8,0) -> LANTENG 2 | J510: =VLOOKUP($B510,master!$B$3:$S$600,9,0) -> 4 | K510: =VLOOKUP($B510,master!$B$3:$S$600,11,0) -> SELOPAMIORO | L510: =VLOOKUP($B510,master!$B$3:$S$600,12,0) -> IMOGIRI | M510: =VLOOKUP($B510,master!$B$3:$S$600,6,0) -> MURSIDI | N510: =VLOOKUP($B510,master!$B$3:$S$600,15,0) -> SMP N 3 IMOGIRI | O510: =VLOOKUP($B510,master!$B$3:$S$600,4,0) -> 29-08-2008
A511: 510 | B511: MSB24-01-198 | C511: 13961 | D511: RIZKY ADI SAPUTRA | E511: =VLOOKUP(D511,Total!$C$2:$D$518,2,0) -> 11 TPM 2 | F511: =VLOOKUP(C511,Total!$B$2:$F$514,5,0) -> AKTIF | G511: =VLOOKUP($B511,master!$B$3:$S$600,16,0) -> 085927487315 | H511: =VLOOKUP($B511,master!$B$3:$S$600,17,0) -> 082326059380 | I511: =VLOOKUP($B511,master!$B$3:$S$600,8,0) -> SUKORAME | J511: =VLOOKUP($B511,master!$B$3:$S$600,9,0) -> 020 | K511: =VLOOKUP($B511,master!$B$3:$S$600,11,0) -> MANGUNAN | L511: =VLOOKUP($B511,master!$B$3:$S$600,12,0) -> DLINGO | M511: =VLOOKUP($B511,master!$B$3:$S$600,6,0) -> Slamet widodo | N511: =VLOOKUP($B511,master!$B$3:$S$600,15,0) -> SMP Muhammadiyah 2 Dlingo | O511: =VLOOKUP($B511,master!$B$3:$S$600,4,0) -> 7-12-2008
A512: 511 | B512: MSB24-03-526 | C512: 13962 | D512: SILVARIO RIZKI RAMADHANI | E512: =VLOOKUP(D512,Total!$C$2:$D$518,2,0) -> 11 TPM 2 | F512: =VLOOKUP(C512,Total!$B$2:$F$514,5,0) -> AKTIF | G512: =VLOOKUP($B512,master!$B$3:$S$600,16,0) -> 088980738038 | H512: =VLOOKUP($B512,master!$B$3:$S$600,17,0) -> 0882005858497 | I512: =VLOOKUP($B512,master!$B$3:$S$600,8,0) -> BULU | J512: =VLOOKUP($B512,master!$B$3:$S$600,9,0) -> 2 | K512: =VLOOKUP($B512,master!$B$3:$S$600,11,0) -> TRIMULYO | L512: =VLOOKUP($B512,master!$B$3:$S$600,12,0) -> JETIS | M512: =VLOOKUP($B512,master!$B$3:$S$600,6,0) -> YUNIATI | N512: =VLOOKUP($B512,master!$B$3:$S$600,15,0) -> SMP MUHAMMADIYAH IMOGIRI | O512: =VLOOKUP($B512,master!$B$3:$S$600,4,0) -> 25-09-2008
... A514: 513 | B514: MSB24-00-105 | C514: 13964 | D514: YUNUZ | E514: =VLOOKUP(D514,Total!$C$2:$D$518,2,0) -> 11 TPM 2 | F514: =VLOOKUP(C514,Total!$B$2:$F$514,5,0) -> AKTIF | G514: =VLOOKUP($B514,master!$B$3:$S$600,16,0) -> 082221149233 | H514: =VLOOKUP($B514,master!$B$3:$S$600,17,0) -> - | I514: =VLOOKUP($B514,master!$B$3:$S$600,8,0) -> KLEGEN | J514: =VLOOKUP($B514,master!$B$3:$S$600,9,0) -> 2 | K514: =VLOOKUP($B514,master!$B$3:$S$600,11,0) -> TIRTOSARI | L514: =VLOOKUP($B514,master!$B$3:$S$600,12,0) -> KRETEK | M514: =VLOOKUP($B514,master!$B$3:$S$600,6,0) -> HADI MARWANTA | N514: =VLOOKUP($B514,master!$B$3:$S$600,15,0) -> SMP N 1 KRETEK | O514: =VLOOKUP($B514,master!$B$3:$S$600,4,0) -> 16-04-2008

Sheet master
A1: No | B1: Nomor Pendaftaran | C1: Nama Lengkap | D1: Tempat Lahir | E1: Tangal Lahir Siswa | F1: JeKel | G1: Nama Ortu | H1: Pekerjaan Ortu | I1: Dusun | J1: RT | K1: RW | L1: Kelurahan | M1: Kecamatan | N1: Kabupaten | O1: Prov | P1: Asal Sekolah | Q1: No Siswa | R1: No Ortu | S1: Pil 1
A2: a0 | B2: a1 | C2: a2 | D2: a3 | E2: a4 | F2: a5 | G2: a6 | H2: a7 | I2: a8 | J2: a9 | K2: a10 | L2: a11 | M2: a12 | N2: a13 | O2: a14 | P2: a15 | Q2: a16 | R2: a17 | S2: a18
A3: 1 | B3: MSB24-00-001 | C3: ADITYA DWI CAHYANTO | D3: BANTUL | E3: 123456-123456-admin | G3: WIYANTO | H3: ASN | I3: NITIPRAYAN | J3: 3 | K3: 0 | L3: NGESTIHARJO | M3: KASIHAN | N3: BANTUL | O3: DIY | P3: SMP MUHAMMADIYAH KASIHAN | Q3: 81391810007 | R3: 0 | S3: 12345
A4: 2 | B4: MSB24-00-002 | C4: ALFIAN CAHYA PRATAMA | D4: BANTUL | E4: 7-03-2008 | F4: L | G4: HERU SUSILO | H4: BURUH | I4: BAJANG | J4: 1 | K4: 0 | L4: WIJIREJO | M4: PANDAK | N4: BANTUL | O4: DIY | P4: SMP AL-ISLAM KARTASURA | Q4: 87817742974 | R4: 0 | S4: TBSM
A5: 3 | B5: MSB24-00-003 | C5: ANDIKA DWI KURNIAWAN | D5: BANTUL | E5: 28-05-2008 | F5: L | G5: SUBEKTI | H5: WIRASWASTA | I5: KEPEK | J5: 5 | K5: 0 | L5: TIMBULHARJO | M5: SEWON | N5: BANTUL | O5: DIY | P5: MTS N 2 BANTUL | Q5: 088221260292 | R5: 0 | S5: TBSM
A6: 4 | B6: MSB24-00-004 | C6: ILHAM EKA PUTRA ANNAFI | D6: BANTUL | E6: 24-09-2008 | F6: L | G6: PARJILAN | H6: KARYAWAN SWASTA | I6: JAYAN | J6: 2 | K6: 0 | L6: CANDEN | M6: JETIS | N6: BANTUL | O6: DIY | P6: SMP N 3 JETIS | Q6: 82221022299 | R6: 0 | S6: TKR
A7: 5 | B7: MSB24-00-005 | C7: MUHAMMAD DZAKY AMAR FAUZAN | D7: BANTUL | E7: 13-05-2008 | F7: L | G7: ADHI PRASTOWO | H7: BURUH | I7: PEPE | J7: 4 | K7: 0 | L7: TRIRENGGO | M7: BANTUL | N7: BANTUL | O7: DIY | P7: SMP N 1 BANTUL | Q7: 87700043003 | R7: 0 | S7: TKR
A8: 6 | B8: MSB24-00-006 | C8: REVAL REZKY RAMADHAN | D8: BANTUL | E8: 19-09-2008 | F8: L | G8: IVAN PAMUNGKAS | H8: BURUH | I8: PEPE | J8: 5 | K8: 0 | L8: TRIRENGGO | M8: BANTUL | N8: BANTUL | O8: DIY | P8: SMP N 1 BANTUL | Q8: 083867945082 | R8: 0 | S8: TKR
A9: 7 | B9: MSB24-00-007 | C9: ASNI MUHAMMAD RIZAL | D9: BANTUL | E9: 26-08-2008 | F9: L | G9: KASIMIN | H9: BURUH | I9: TANGKILAN | J9: 3 | K9: 0 | L9: SUMBERMULYO | M9: BAMBANGLIPURO | N9: BANTUL | O9: DIY | P9: SMP MUHAMMADIYAH 1 BAMBANGLIPURO | Q9: 82225692182 | R9: 0 | S9: RPL
A10: 8 | B10: MSB24-00-008 | C10: CESSYA JALU ALIF LUKMANSYAH | D10: BANTUL | E10: 25-02-2009 | F10: L | G10: PONIRAN | H10: WIRASWASTA | I10: PANJANG | J10: 2 | K10: 0 | L10: PANJANGREJO | M10: PUNDONG | N10: BANTUL | O10: DIY | P10: SMP N 1 PUNDONG | Q10: 81804395111 | R10: 0 | S10: TKR
A11: 9 | B11: MSB24-00-009 | C11: UMAR LATHIF MUSHTHAFA | D11: BANTUL | E11: 9-06-2008 | F11: L | G11: LILIN ARYANTO | H11: KARYAWAN SWASTA | I11: DERMOJURANG | J11: 4 | K11: 0 | L11: SELOHARJO | M11: PUNDONG | N11: BANTUL | O11: DIY | P11: SMP N 1 PUNDONG | Q11: 85100265324 | R11: 0 | S11: TKR
A12: 10 | B12: MSB24-00-010 | C12: FERDIAN DWI NURRAHMAT | D12: BANTUL | E12: 20-02-2008 | F12: L | G12: GUNTORO | H12: BURUH | I12: TEGALSEMPU | J12: 2 | K12: 0 | L12: CATURHARJO | M12: PANDAK | N12: BANTUL | O12: DIY | P12: SMP N 4 PANDAK | Q12: 83896594931 | R12: 0 | S12: TBSM
A13: 11 | B13: MSB24-00-011 | C13: RAVY PUTRA PANUNTUN | D13: BANTUL | E13: 18-02-2009 | F13: L | G13: SUTARJA | H13: BURUH | I13: PUNDONG | J13: 6 | K13: 0 | L13: SRIHARDONO | M13: PUNDONG | N13: BANTUL | O13: DIY | P13: SMP N 2 PUNDONG | Q13: 85647181201 | R13: 0 | S13: TKR
A14: 12 | B14: MSB24-00-012 | C14: BAKRIF HAKIKI | D14: BANTUL | E14: 9-01-2009 | F14: L | G14: LISTYANTO | H14: WIRASWASTA | I14: SEYEGAN | J14: 2 | K14: 0 | L14: SRIHARDONO | M14: PUNDONG | N14: BANTUL | O14: DIY | P14: SMP N 2 PUNDONG | Q14: 83824619811 | R14: 0 | S14: TKR
A15: 13 | B15: MSB24-00-013 | C15: AKBAR ABDUL HAMID | D15: BANTUL | E15: 8-12-2008 | F15: L | G15: ISTADI | H15: BURUH | I15: SEMAMPIR | J15: 5 | K15: 0 | L15: PANJANGREJO | M15: PUNDONG | N15: BANTUL | O15: DIY | P15: MTS N 5 BANTUL | Q15: 81328664064 | R15: 0 | S15: TKR
... A123: 121 | B123: MSB24-00-122 | C123: MUHAMMAD NAUFAL RAMADHAN | D123: BANTUL | E123: 17-09-2007 | F123: L | G123: SAFRIDONI/WIJI LESTARI | H123: WIRASWASTA | I123: POTROBAYAN | J123: 4 | K123: 0 | L123: SRIHARDONO | M123: PUNDONG | N123: BANTUL | O123: DIY | P123: SMP Baitul Quran Cendekia | Q123: 082137188517 | R123: - | S123: TPM
A124: 122 | B124: MSB24-00-123 | C124: DESTYOVAN NUR 'AIZAM | D124: BANTUL | E124: 28-12-2008 | F124: L | G124: WARSIDI | H124: BURUH | I124: PLUMBUNGAN | J124: 03 | L124: SUMBERMULYO | M124: BAMBANGLIPURO | N124: BANTUL | O124: DIY | P124: SMP N 1 BAMBANGLIPURO | Q124: 081779215161 | R124: - | S124: TBSM
A125: 123 | B125: MSB24-00-124 | C125: ALVIAN KURNIAWAN | D125: BANTUL | E125: 27-04-2009 | F125: L | G125: SUGIMIN | H125: BURUH | I125: GLUNTUNG LOR | J125: 3 | K125: - | L125: CATURHARJO | M125: PANDAK | N125: BANTUL | O125: DIY | P125: SMP N 4 PANDAK | Q125: 083137016645 | R125: 083133501959 | S125: TBSM
A126: 124 | B126: MSB24-00-125 | C126: ADITYA NOVA RESTANTO | D126: KULON PROGO | E126: 17-11-2008 | F126: L | G126: FITRIANA | H126: IBU RUMAH TANGGA | I126: BANTENGAN | J126: 26 | K126: 12 | L126: BROSOT | M126: GALUR | N126: KULON PROGO | O126: DIY | P126: SMP N 2 GALUR | Q126: 088216517217 | R126: 088215456640 | S126: TAV
A127: 125 | B127: MSB24-00-126 | C127: IRSYAT SYIFAA BANYU ZAMIIR | D127: BANTUL | E127: 3-04-2008 | F127: L | G127: HERI SUBAGIYO KISWANTORO | H127: WIRASWASTA | I127: KADISORO | J127: 03 | K127: 0 | L127: GILANGHARJO | M127: PANDAK | N127: BANTUL | O127: DIY | P127: SMP N 3 PANDAK | Q127: 081546583209 | R127: 085869703713 | S127: TAV
A128: 126 | B128: MSB24-00-127 | C128: FAIRUZIZUAN IBRAHIMOVIC | D128: BANTUL | E128: 17-03-2009 | F128: L | G128: SEPTIANA DEWI | H128: PNS | I128: BEJEN | J128: 04 | L128: BANTUL | M128: BANTUL | N128: BANTUL | O128: DIY | P128: SMP UNGGULAN AISYIYAH | Q128: 08112635121 | R128: 082220944825 | S128: TBSM
A129: 127 | B129: MSB24-00-128 | C129: VIGO DEWATA | D129: NGAWI | E129: 5-07-2009 | F129: L | G129: AGUNG WIDODO | H129: BURUH | I129: PEPE | J129: 04 | K129: 0 | L129: TRIRENGGO | M129: BANTUL | N129: BANTUL | O129: DIY | P129: SMP MUHAMMADIYAH BANTUL | Q129: 087713415888 | R129: 083103420008 | S129: TBSM
A130: 128 | B130: MSB24-01-129 | C130: RIZKY ADITYA SAPUTRA | D130: BANTUL | E130: 28-06-2009 | F130: L | G130: TRI UNTORO | H130: BURUH | I130: KRAJAN | J130: 1 | K130: 0 | L130: TIRTOMULYO | M130: KRETEK | N130: BANTUL | O130: DIY | P130: SMP N 1 KRETEK | Q130: 083102859732 | R130: - | S130: TBSM
A131: 129 | B131: MSB24-01-130 | C131: NARENDRA DAMAR AJI | D131: BANTUL | E131: 25-11-2008 | F131: L | G131: KUSDIHARJO | H131: BURUH | I131: NGLEBAK | J131: 8 | K131: 0 | L131: PALBAPANG | M131: BANTUL | N131: BANTUL | O131: DIY | P131: SMP N 3 BANTUL | Q131: 082327771817 | R131: - | S131: TBSM
A132: 130 | B132: MSB24-01-131 | C132: FAREL RAFIF SUSILO | D132: BANTUL | E132: 3-03-2009 | F132: L | G132: MARIYANI | H132: WIRASWASTA | I132: SUMURAN | J132: 1 | K132: 0 | L132: PALBAPANG | M132: BANTUL | N132: BANTUL | O132: DIY | P132: SMP N 1 BAMBANGLIPURO | Q132: 082135305260 | R132: - | S132: TBSM
A133: 131 | B133: MSB24-01-132 | C133: IRVAN HENDY KURNIAWAN | D133: BANTUL | E133: 23-03-2009 | F133: L | G133: ASRI ROHMANI | H133: BURUH | I133: JEDIGAN | J133: 3 | K133: 0 | L133: TRIRENGGO | M133: BANTUL | N133: BANTUL | O133: DIY | P133: SMP MUHAMMADIYAH BANTUL | Q133: 088232301249 | R133: - | S133: TBSM
A134: 132 | B134: MSB24-01-133 | C134: MIKO AHMAD NIRWANSYAH | D134: BANTUL | E134: 11/03/2009 | F134: L | G134: BAYU SAPUTRA | H134: PETANI | I134: SANGKEH | J134: 43 | K134: 0 | L134: SRIGADING | M134: SANDEN | N134: BANTUL | O134: DIY | P134: SMP N 2 SANDEN | Q134: 085759980271 | R134: 085640442905 | S134: TAV
A135: 133 | B135: MSB24-01-134 | C135: VIKY FAREL | D135: BANTUL | E135: 28-09-2008 | F135: L | G135: SUSI SUHARYATI | H135: BURUH | I135: JALAKAN | J135: 5 | K135: 0 | L135: TRIHARJO | M135: PANDAK | N135: BANTUL | O135: DIY | P135: SMP N 2 PANDAK | Q135: 0895402627804 | R135: - | S135: TKR
A136: 134 | B136: MSB24-01-135 | C136: DAFFA HILMI RAMADHAN | D136: BANTUL | E136: 10-09-2008 | F136: L | G136: ARIYANTO | H136: WIRASWASTA | I136: KORIPAN | J136: 0 | K136: 0 | L136: PONCOSARI | M136: SRANDAKAN | N136: BANTUL | O136: DIY | P136: SMP N 5 PANGGANG | Q136: 081311156963 | R136: - | S136: TKR
A137: 135 | B137: MSB24-01-136 | C137: FEBRI ARDIAN SAPUTRA | D137: BANTUL | E137: 21/02/2008 | F137: L | G137: SUKIRMAN | H137: BURUH | I137: KAYEN | J137: 4 | K137: 0 | L137: SENDANGSARI | M137: PAJANGAN | N137: BANTUL | O137: DIY | P137: SMP N 3 PAJANGAN | Q137: 088980642199 | R137: 083103691189 | S137: TBSM
A138: 136 | B138: MSB24-01-137 | C138: REYLEO WALI YAHYA | D138: JAKARTA SELATAN | E138: 27-07-2008 | F138: L | G138: YULI ASTUTI | H138: BURUH | I138: MANDING KIDUL | J138: 8 | K138: 0 | L138: TRIRENGGO | M138: BANTUL | N138: BANTUL | O138: DIY | P138: MTS AL HADI II | Q138: 085727673286 | R138: - | S138: TBSM
A139: 137 | B139: MSB24-01-138 | C139: FAIZ RIZQI QURUNUL BAHRI | D139: BANTUL | E139: 29/01/2009 | F139: L | G139: NUH ZAIDAN | H139: WIRASWASTA | I139: BENDO | J139: 3 | K139: 0 | L139: WUKIRSARI | M139: IMOGIRI | N139: BANTUL | O139: DIY | P139: SMP N 1 IMOGIRI | Q139: 085715288313 | R139: 085869251701 | S139: TBSM
A140: 138 | B140: MSB24-01-139 | C140: MUHAMMAD ARY YUSUF | D140: BANTUL | E140: 29-04-2008 | F140: L | G140: MASJONI | H140: BURUH | I140: PLURUGAN | J140: 10 | K140: 0 | L140: TIRTONIRMOLO | M140: KASIHAN | N140: BANTUL | O140: DIY | P140: SMP MUHAMMADIYAH SEWON | Q140: 085214908577 | R140: - | S140: TKR
... A168: 166 | B168: MSB24-01-167 | C168: GIOVANNI ZAKI HIDAYAT | D168: BANTUL | E168: 9-04-2008 | F168: L | G168: SUMADI | H168: WIRASWASTA | I168: BANTUL TIMUR | J168: 2 | K168: 0 | L168: TRIRENGGO | M168: BANTUL | N168: BANTUL | O168: DIY | P168: PKBM BINA SEKAR MELATI | Q168: 082314025501 | R168: - | S168: RPL
A169: 167 | B169: MSB24-01-168 | C169: MOHAMMAD DZAKWAN RAFAH | D169: BANTUL | E169: 15-11-2005 | F169: L | G169: MOHAMMAD ISRO HARIYADI | H169: KARYAWAN SWASTA | I169: GESIKAN 3 | J169: 001 | L169: WIJIREJO | M169: pANDAK | N169: BANTUL | O169: DIY | P169: SMP MUHAMMADIYAH BANTUL | Q169: 087877924571/081314385501 | R169: 089526717873 | S169: TPM
A170: 168 | B170: MSB24-01-169 | C170: ALAN RYNO SAPUTRA | D170: BANTUL | E170: 20-06-2008 | F170: L | G170: SULARNO | H170: WIRASWASTA | I170: KEMBARAN | J170: 6 | K170: 0 | L170: TAMANTIRTO | M170: KASIHAN | N170: BANTUL | O170: DIY | P170: MTS MUHAMMADIYAH KASIHAN | Q170: 085392164756 | R170: 089526717873 | S170: TPM
A171: 169 | B171: MSB24-01-170 | C171: DEDY LITHON AGUSTIAR | D171: SRAGEN | E171: 18-08-2008 | F171: L | G171: BATHIN WINARSIH | H171: BURUH | I171: TEGALSARI | J171: 1 | K171: 0 | L171: TAMANTIRTO | M171: KASIHAN | N171: BANTUL | O171: DIY | P171: MTS MUHAMMADIYAH KASIHAN | Q171: 081229885199 | R171: 089526717873 | S171: TPM
A172: 170 | B172: MSB24-01-171 | C172: PRISKALIO BAGAS KUMARA JATI | D172: BANTUL | E172: 28-10-2007 | F172: L | G172: SUPRIYANTO | H172: WIRASWASTA | I172: PRINGGAN | J172: 4 | K172: 0 | L172: KARANGTALUN | M172: IMOGIRI | N172: BANTUL | O172: DIY | P172: SMP N 2 IMOGIRI | Q172: 08882884427 | R172: 089526717873 | S172: TBSM
A173: 171 | B173: MSB24-01-172 | C173: ADIL WIBOWO | D173: BANTUL | E173: 28-07-2008 | F173: L | G173: JOKO SUSELO | H173: BURUH | I173: PRIYAN | J173: 1 | K173: 0 | L173: TRIRENGGO | M173: BANTUL | N173: BANTUL | O173: DIY | P173: SMP N 1 BAMBANGLIPURO | Q173: 088215453902 | R173: 089526717873 | S173: TKR
A174: 172 | B174: MSB24-01-173 | C174: BAGAS IHSANUDIN | D174: BANTUL | E174: 3-06-2009 | F174: L | G174: SUGENG RIYADI | H174: GURU HONORER | I174: NGAJARAN | J174: 3 | K174: 0 | L174: SIDOMULYO | M174: BAMBANGLIPURO | N174: BANTUL | O174: DIY | P174: SMP MUHAMMADIYAH 1 BAMBANGLIPURO | Q174: 083840420083 | R174: 089526717873 | S174: TKR
A175: 173 | B175: MSB24-01-174 | C175: MUHAMMAD ARSHAQ EL-HAQQANI | D175: BANTUL | E175: 17-04-2009 | F175: L | G175: NUR ROHMAH MAYASARI | H175: GURU | I175: GESIKAN IV | J175: 3 | K175: 0 | L175: WIJIREJO | M175: PANDAK | N175: BANTUL | O175: DIY | P175: SMP N 1 PANDAK | Q175: 081329650694 | R175: 089526717873 | S175: TBSM
A176: 174 | B176: MSB24-01-175 | C176: ARDIN FAUSTA ANUGRAH SAPUTRA | D176: BANTUL | E176: 28-04-2008 | F176: L | G176: MUHDI NURYANTO | H176: WIRASWASTA | I176: JOMBORAN | J176: 5 | K176: 0 | L176: GILANGHARJO | M176: PANDAK | N176: BANTUL | O176: DIY | P176: MTS N 4 BANTUL | Q176: 087738667300 | R176: - | S176: TKR
A177: 175 | B177: MSB24-01-176 | C177: KARTIKO PANDU KUSUMO | D177: BANTUL | E177: 21-05-2007 | F177: L | G177: Yuni Kuswati | H177: Pensiunan | I177: LEMAHDADI | J177: 04 | K177: 00 | L177: BANGUNJIWO | M177: KASIHAN | N177: BANTUL | O177: DIY | P177: MTs Al-Hadi II | Q177: 081215927123 | R177: 087716569522 | S177: TKR
A178: 176 | B178: MSB24-01-177 | C178: RAFI BAGAS WIDAYANTO | D178: BANTUL | E178: 14-07-2008 | F178: L | G178: Wanto | H178: BURUH | I178: NOGOSARI II | J178: 08 | K178: 31 | L178: WUKIRSARI | M178: IMOGIRI | N178: BANTUL | O178: DIY | P178: MTS N 3 BANTUL | Q178: 082246283010 | R178: 082226357545 | S178: TBSM
A179: 177 | B179: MSB24-01-178 | C179: MARIO HOUGAN SAPUTRA | D179: BANTUL | E179: 20-11-2008 | F179: L | G179: Juwariyanti | H179: WIRASWASTA | I179: NGASEM | J179: 05 | K179: - | L179: TIMBULHARJO | M179: SEWON | N179: BANTUL | O179: DIY | P179: MTS N 2 BANTUL | Q179: 088225086045 | R179: 088232433615 | S179: TKR
A180: 178 | B180: MSB24-01-179 | C180: ANDHIKA RAHMA | D180: BANTUL | E180: 8-06-2007 | F180: L | G180: PARTINEM | H180: BURUH | I180: TRUKAN | J180: 0 | K180: 0 | L180: SRIHARJO | M180: IMOGIRI | N180: BANTUL | O180: DIY | P180: SMP MA'ARIF IMOGIRI | Q180: 085692577008 | R180: 088215915188 | S180: TBSM
A181: 179 | B181: MSB24-01-180 | C181: SAKHA ZAINUM MUTTAQIM | D181: BANTUL | E181: 18-01-2009 | F181: L | G181: Ami warifah | H181: IRT | I181: MIRI | J181: 27 | L181: PENDOWOHARJO | M181: SEWON | N181: BANTUL | O181: DIY | P181: SMP MUHAMMADIYAH SEWON | Q181: 087852070143/087852070143 | R181: 089527603733 | S181: TBSM
A182: 180 | B182: MSB24-01-181 | C182: RENDRA HENGKY SAPUTRA | D182: BANTUL | E182: 28-11-2008 | F182: L | G182: Sugeng Riswanto | H182: Buruh | I182: MASAHAN | J182: 4 | K182: - | L182: TRIRENGGO | M182: BANTUL | N182: BANTUL | O182: DIY | P182: SMP N 1 BANTUL | Q182: 0895381506786 | R182: 0895377301416 | S182: TBSM
A183: 181 | B183: MSB24-01-182 | C183: RAIHAN BAYU PANJI PRASTYA | D183: BANTUL | E183: 8-09-2008 | F183: L | G183: Supriyanto | H183: Buruh | I183: KARANGJATI | J183: 9 | K183: - | L183: TAMANTIRTO | M183: KASIHAN | N183: BANTUL | O183: DIY | P183: SMP N 3 KASIHAN | Q183: 08974332560 | R183: 089616350010 | S183: TKR
A184: 182 | B184: MSB24-01-183 | C184: ALIF GILANG SETIAWAN | D184: BANTUL | E184: 2-03-2009 | F184: L | G184: ROHMAT | H184: BURUH | I184: KLAGARAN | J184: 4 | K184: 0 | L184: GADINGSARI | M184: SANDEN | N184: BANTUL | O184: DIY | P184: SMP N 2 SANDEN | Q184: 082220049298 | R184: 34433224423 | S184: TPM
A185: 183 | B185: MSB24-01-184 | C185: SATRIA BAYU HUTOMO | D185: YOGYAKARTA | E185: 5-10-2008 | F185: L | G185: RAHAYU | H185: - | I185: TLENGGONGAN | J185: 05 | L185: KEBONAGUNG | M185: IMOGIRI | N185: BANTUL | O185: DIY | P185: SMP N 2 IMGORI | Q185: 083863536861 | R185: 088232552851 | S185: TKR
A186: 184 | B186: MSB24-01-185 | C186: REKI HANDARA PUTRA | D186: BANTUL | E186: 1-08-2008 | F186: L | G186: MITA NUR WULANDARI | H186: IRT | I186: GUNTURGENI | J186: 3 | K186: 0 | L186: PONCOSARI | M186: SRANDAKAN | N186: BANTUL | O186: DIY | P186: SMP MA'ARIF IMOGIRI | Q186: 088988300968 | R186: 08883908536 | S186: TPM
A187: 185 | B187: MSB24-01-186 | C187: JUSUF TARIQ ASAKTI | D187: YOGYAKARTA | E187: 21-08-2008 | F187: L | G187: Budi Suprayogi | H187: Karyawan Swasta | I187: SAMPANGAN | J187: 2 | K187: 0 | L187: WIROKERTEN | M187: BANGUNTAPAN | N187: BANTUL | O187: DIY | P187: SMP Muhammadiyah 7 Yogyakarta | Q187: 082328424620 | R187: 082328424620 | S187: TPM
A188: 186 | B188: MSB24-01-188 | C188: REIICHI OZORA ADAM ASSIDIQI | D188: BANTUL | E188: 5-03-2008 | F188: L | G188: OLIV UNTORO WARSO | H188: WIRASWASTA | I188: CEPOR LOR | J188: 1 | K188: 0 | L188: PALBAPANG | M188: BANTUL | N188: BANTUL | O188: DIY | P188: MTS MUHAMMADIYAH BANTUL | Q188: 087838229090 | R188: 085713636603 | S188: RPL
A189: 187 | B189: MSB24-01-189 | C189: ARDHIKA REZA SAPUTRA | D189: BANTUL | E189: 23-09-2008 | F189: L | G189: IKA APRIYANTI | H189: IRT | I189: JOGODAYOH | J189: 6 | K189: 0 | L189: SUMBERMULYO | M189: BAMBANGLIPURO | N189: BANTUL | O189: DIY | P189: SMP N 1 BAMBANGLIPURO | Q189: 085821900710 | R189: 089527416263 | S189: TKR
A190: 188 | B190: MSB24-01-190 | C190: DAVI GALIH PRATAMA | D190: BANTUL | E190: 6-05-2009 | F190: L | G190: FARIT BARUDIN | H190: BURUH | I190: SELO | J190: 02 | K190: 20 | L190: SIDOMULYO | M190: BAMBANGLIPURO | N190: BANTUL | O190: DIY | P190: SMP N 1 KRETEK | Q190: 085742620970 | R190: 085743737032 | S190: TKR
A191: 189 | B191: MSB24-01-194 | C191: ANDHIKA RAHARDIAN PRADIPTA | D191: BANTUL | E191: 19-02-2009 | F191: L | G191: SUWANTO | H191: BURUH | I191: NITEN | J191: 06 | L191: TIRTONIRMOLO | M191: KASIHAN | N191: BANTUL | O191: DIY | P191: MTS N 2 BANTUL | Q191: 081548564698 | R191: 085642752672 | S191: TKR
A192: 190 | B192: MSB24-01-195 | C192: VANDIKA SURYATAMA | D192: BANTUL | E192: 7-01-2009 | F192: L | G192: Suyatno | H192: Wiraswasta/buruh | I192: SELO | J192: O3 | L192: SIDOMULYO | M192: BAMBANGLIPURO | N192: BANTUL | O192: DIY | P192: SMP N 1 BAMBANGLIPURO | Q192: 088298328643 | R192: 08989265632 | S192: TKR
A193: 191 | B193: MSB24-01-196 | C193: DESTRA BINTANG WIJAYA | D193: YOGYAKARTA | E193: 6-12-2008 | F193: L | G193: murti ismawati | H193: WIRASWASTA | I193: ROGOITAN | J193: 93 | K193: - | L193: PENDOWOHARJO | M193: SEWON | N193: BANTUL | O193: DIY | P193: SMP UNGGULAN AISYIYAH | Q193: 081393993455 | R193: 0895422394340 | S193: RPL
A194: 192 | B194: MSB24-01-197 | C194: MUHAMMAD PUTRA SATRIO PAMUNGKAS | D194: BANTUL | E194: 23-11-2006 | F194: L | G194: MUHAMMAD ASROFI | H194: BURUH | I194: TITANG | J194: 3 | K194: 0 | L194: SUMBERAGUNG | M194: JETIS | N194: BANTUL | O194: DIY | P194: SMP N 1 JETIS | Q194: 08895907698 | R194: - | S194: TBSM
A195: 193 | B195: MSB24-01-198 | C195: RIZKY ADI SAPUTRA | D195: BANTUL | E195: 7-12-2008 | F195: L | G195: Slamet widodo | H195: BURUH | I195: SUKORAME | J195: 020 | L195: MANGUNAN | M195: DLINGO | N195: BANTUL | O195: DIY | P195: SMP Muhammadiyah 2 Dlingo | Q195: 085927487315 | R195: 082326059380 | S195: TPM
A196: 194 | B196: MSB24-01-199 | C196: TANDANG CANON PUTRA RAMIYANTO | D196: BANTUL | E196: 1-01-2007 | F196: L | G196: Tri Riyanto | H196: WIRASWASTA | I196: PLEMBUTAN | J196: 05 | K196: - | L196: CANDEN | M196: JETIS | N196: BANTUL | O196: DIY | P196: SMP N 2 JETIS | Q196: 081903748688 | R196: 081903748688 | S196: TPM
A197: 195 | B197: MSB24-02-201 | C197: ADHIKA CANDRA PRATAMA | D197: BANTUL | E197: 8-01-2008 | F197: L | G197: ARI WIBAWANTI | H197: KARYAWAN SWASTA | I197: SRIBITAN | J197: 3 | K197: 0 | L197: BANGUNJIWO | M197: KASIHAN | N197: BANTUL | O197: DIY | P197: MTS AL-HADI II | Q197: 085643204399 | R197: - | S197: TKR
A198: 196 | B198: MSB24-02-202 | C198: MUHAMMAD YUSUF GILANG PRABOWO | D198: BANTUL | E198: 22-04-2009 | F198: L | G198: PURWADI | H198: BURUH | I198: SUREN | J198: 4 | K198: 0 | L198: PLERET | M198: PLERET | N198: BANTUL | O198: DIY | P198: SMP N 3 PLERET | Q198: 085326225933 | R198: - | S198: TKR
A199: 197 | B199: MSB24-02-204 | C199: NAYAKA DAFA MAHARDIKA | D199: BANTUL | E199: 24-12-2008 | F199: L | G199: Sulistya | H199: BURUH | I199: MASAHAN | J199: 04 | L199: TRIRENGGO | M199: BANTUL | N199: BANTUL | O199: DIY | P199: SMP N 3 BANTUL | Q199: 089687617151 | R199: 089687617151 | S199: TKR
A200: 198 | B200: MSB24-02-206 | C200: AJISAPUTRA RIZAL EFFENDI | D200: YOGYAKARTA | E200: 25-11-2008 | F200: L | G200: Davit efendi | H200: BURUH | I200: KOWEN 2 | J200: 05 | K200: - | L200: TIMBULHARJO | M200: SEWON | N200: BANTUL | O200: DIY | P200: SMP MATARAM | Q200: +6289646317521 | R200: +6282138730557 | S200: TKR
A201: 199 | B201: MSB24-02-207 | C201: NUR WAKHID | D201: BANTUL | E201: 19-12-2008 | F201: L | G201: Kuariyanto | H201: BURUH | I201: MONGGANG | J201: 2 | K201: - | L201: SRIHARDONO | M201: PUNDONG | N201: BANTUL | O201: DIY | P201: SMP N 2 PUNDONG | Q201: 0895336747426 | R201: 0895336747426 | S201: TKR
A202: 200 | B202: MSB24-02-208 | C202: ALFIQO RIMIDHA FALIKH MURIANA | D202: BANTUL | E202: 2-09-2008 | F202: L | G202: RIRIN MIDAYANTI | H202: WIRASWASTA | I202: PRINGGADING | J202: 6 | L202: GUWOSARI | M202: PAJANGAN | N202: BANTUL | O202: DIY | P202: SMP N 1 WIROSARI | Q202: 088233012295 | R202: 083109679747 | S202: RPL
A203: 201 | B203: MSB24-02-209 | C203: SYAKHISTIAN SYAH PUTRA | D203: SEMARANG | E203: 10-04-2008 | F203: L | G203: JUMALI | H203: BURUH | I203: KIRINGAN | J203: 4 | K203: 0 | L203: CANDEN | M203: JETIS | N203: BANTUL | O203: DIY | P203: MTS N 5 BANTUL | Q203: 085326233383 | R203: - | S203: TPM
A204: 202 | B204: MSB24-02-210 | C204: ALDIN ESTU PRAYOGI | D204: BANTUL | E204: 29-10-2008 | F204: L | G204: SUMARNO | H204: BURUH | I204: GESIKAN | J204: 4 | K204: 0 | L204: PANGGUNGHARJO | M204: SEWON | N204: BANTUL | O204: DIY | P204: SMP MUHAMMADIYAH SEWON | Q204: 083131675822 | R204: - | S204: TKR
A205: 203 | B205: MSB24-02-211 | C205: SYAHLAN FACHRI KURNIAWAN | D205: BANTUL | E205: 1-01-2009 | F205: L | G205: CATUR ROHADI | H205: BURUH | I205: BEKELAN | J205: 10 | K205: 0 | L205: SUMBERMULYO | M205: BAMBANGLIPURO | N205: BANTUL | O205: DIY | P205: SMP N 1 BAMBANGLIPURO | Q205: 089674426647 | R205: 089657640005 | S205: TBSM
A206: 204 | B206: MSB24-02-212 | C206: RAHMAD MUSTAGHFIRIN | D206: BANTUL | E206: 18-07-2008 | F206: L | G206: RINTEN WINARSIH | H206: BURUH | I206: SUMURAN | J206: 4 | K206: 0 | L206: PALBAPANG | M206: BANTUL | N206: BANTUL | O206: DIY | P206: SMP N 1 BANTUL | Q206: 087848115661 | R206: - | S206: TBSM
A207: 205 | B207: MSB24-02-213 | C207: MUHAMMAD FAHRUROZI AL-AZHAR | D207: BANTUL | E207: 4-05-2009 | F207: L | G207: Tri Siswanto | H207: WIRASWASTA | I207: MONGGANG | J207: 04 | K207: 04 | L207: SRIHARDONO | M207: PUNDONG | N207: BANTUL | O207: DIY | P207: MTS N 5 BANTUL | Q207: 081908443532 | R207: 089527602722 | S207: TKR
A208: 206 | B208: MSB24-02-214 | C208: NUR CAHYA WIDI ASMARA | D208: BANTUL | E208: 6-11-2008 | F208: L | G208: SAMSUDI | H208: BURUH | I208: MANGIR LOR | J208: 3 | K208: 0 | L208: SENDANGSARI | M208: PAJANGAN | N208: BANTUL | O208: DIY | P208: SMP N 1 PAJANGAN | Q208: 083863621045 | R208: 0882008071843 | S208: TBSM
A209: 207 | B209: MSB24-02-215 | C209: YAHYA ARYA PRATAMA | D209: BANTUL | E209: 6-01-2009 | F209: L | G209: MARYADI | H209: BURUH | I209: SRATEN | J209: 1 | K209: 0 | L209: CANDEN | M209: JETIS | N209: BANTUL | O209: DIY | P209: SMP N 3 JETIS | Q209: 08884017240 | R209: 089671431200 | S209: TBSM
A210: 208 | B210: MSB24-02-216 | C210: TRIA JATI PAMUNGKAS | D210: BANTUL | E210: 1/01/2005 | F210: L | G210: SURADIMAN | H210: BURUH | I210: BANYON | J210: 71 | K210: 0 | L210: PENDOWOHARJO | M210: SEWON | N210: BANTUL | O210: DIY | P210: SMP MUHAMMADIYAH SEWON | Q210: - | R210: - | S210: TBSM
A211: 209 | B211: MSB24-02-217 | C211: RENO WAHYU HARYANTO | D211: BANTUL | E211: 7-05-2008 | F211: L | G211: TRI HARYANTO | H211: WIRASWASTA | I211: KADEKROWO | J211: 5 | K211: 0 | L211: GILANGHARJO | M211: PANDAK | N211: BANTUL | O211: DIY | P211: SMP N 1 PANDAK | Q211: 0882003458682 | R211: 08995118131 | S211: TBSM
A212: 210 | B212: MSB24-02-218 | C212: MUHAMMAD ADNAN AL GHIFARI | D212: BANTUL | E212: 21/04/2009 | F212: L | G212: ISTI WARSIATI | H212: WIRASWASTA | I212: KADEKROWO | J212: 5 | K212: 0 | L212: GILANGHARJO | M212: PANDAK | N212: BANTUL | O212: DIY | P212: SMP N 1 PANDAK | Q212: 082137106861 | R212: 08999378682 | S212: TBSM
A213: 211 | B213: MSB24-02-219 | C213: FAHRY DWI RAMADANI | D213: BANTUL | E213: 2-09-2008 | F213: L | G213: Sri Rahayu | H213: PETANI | I213: PALANGJIWAN | J213: 11 | L213: DONOTIRTO | M213: KRETEK | N213: BANTUL | O213: DIY | P213: MTS N 5 BANTUL | Q213: 083871025813 | R213: 082334623783 | S213: TKR
A214: 212 | B214: MSB24-02-220 | C214: BIMA JONA RIANJAYA | D214: BANTUL | E214: 16-04-2009 | F214: L | G214: SUMARJANA | H214: GURU | I214: JETIS | J214: 35 | K214: 0 | L214: TRIMURTI | M214: SRANDAKAN | N214: BANTUL | O214: DIY | P214: SMP N 2 SRANDAKAN | Q214: 081378547246 | R214: 082242038178 | S214: TPM
A215: 213 | B215: MSB24-02-221 | C215: MUHAMMAD ENGGAR WICAKSANA | D215: KULON PROGO | E215: 14-05-2008 | F215: L | G215: Sumardi | H215: BURUH | I215: KASIAN 2 | J215: 24 | K215: 8 | L215: NGENTAKREJO | M215: LENDAH | N215: KULON PROGO | O215: DIY | P215: SMP MUHAMMADIYAH 2 LENDAH | Q215: 083873873035 | R215: 083873873035 | S215: TBSM
A216: 214 | B216: MSB24-02-222 | C216: ABDURRASYID HUSAIN | D216: SEMARANG | E216: 17/12/2008 | F216: L | G216: SUKRISTANTA | H216: WIRASWASTA | I216: KRAJAN | J216: 1 | K216: 0 | L216: TIRTOMULYO | M216: KRETEK | N216: BANTUL | O216: DIY | P216: SMP N 2 BAMBANGLIPURO | Q216: 082112757397 | R216: 081326614850 | S216: TBSM
A217: 215 | B217: MSB24-02-223 | C217: ADJI NURSETO | D217: TEBING JAYA II | E217: 26-08-2008 | F217: L | G217: SURYANTO | H217: BURUH | I217: PRANCAK GLONDONG | J217: 5 | K217: 0 | L217: PANGGUNGHARJO | M217: SEWON | N217: BANTUL | O217: DIY | P217: SMP MUHAMMADIYAH BANTUL | Q217: 089687744958 | R217: 088233104247 | S217: TBSM
A218: 216 | B218: MSB24-02-224 | C218: ARDHAN BINTANG PAMUNGKAS | D218: BANTUL | E218: 15-05-2008 | F218: L | G218: SUBARSONO | H218: WIRASWASTA | I218: KALIPAKIS | J218: 3 | K218: 0 | L218: TIRTONIRMOLO | M218: KASIHAN | N218: BANTUL | O218: DIY | P218: MTS AL-HADI II | Q218: 081915552174/0895377242521 | R218: - | S218: TKR
A219: 217 | B219: MSB24-02-225 | C219: RANGGA REZA PRATAMA | D219: BANTUL | E219: 13-01-2009 | F219: L | G219: NURYANTI | H219: BURUH | I219: CIKALAN | J219: 2 | K219: 0 | L219: BANGUNJIWO | M219: KASIHAN | N219: BANTUL | O219: DIY | P219: MTS MUHAMMADIYAH KASIHAN | Q219: 088901253925 | R219: - | S219: TKR
A220: 218 | B220: MSB24-02-226 | C220: IMAM FITRIAN AKBAR | D220: BANTUL | E220: 21-10-2008 | F220: L | G220: PARGIYONO | H220: BURUH | I220: CANDEN | J220: 6 | K220: 0 | L220: CANDEN | M220: JETIS | N220: BANTUL | O220: DIY | P220: SMP N 3 JETIS | Q220: 0895355952225 | R220: 08995884561 | S220: TKR
A221: 219 | B221: MSB24-02-227 | C221: NA'IM FIRMANSYAH | D221: BANTUL | E221: 4-01-2009 | F221: L | G221: SUBROTO | H221: PETANI | I221: SOROTOPO | J221: 3 | K221: 0 | L221: SELOHARJO | M221: PUNDONG | N221: BANTUL | O221: DIY | P221: SMP MUHAMMADIYAH 1 PUNDONG | Q221: 085876334893 | R221: 085879217902 | S221: RPL
A222: 220 | B222: MSB24-02-228 | C222: RAYHAN DAFFA DZULHILMI | D222: BANTUL | E222: 15-12-2007 | F222: L | G222: ARIEF SUBEKTI | H222: KARYAWAN SWASTA | I222: GUYANGAN | J222: 2 | K222: 0 | L222: WONOLELO | M222: PLERET | N222: BANTUL | O222: DIY | P222: SMP MUHAMMADIYAH BANTUL | Q222: 081229971176 | R222: - | S222: TKR
A223: 221 | B223: MSB24-02-230 | C223: ARFA SATYA PRATAMA | D223: BANTUL | E223: 6-07-2009 | F223: L | G223: ARIS FEBIYANTO | H223: BURUH | I223: CANDI | J223: 005 | L223: SRIHARDONO | M223: PUNDONG | N223: BANTUL | O223: DIY | P223: SMP N 2 PUNDONG | Q223: 087739705962 | R223: 089529987080 | S223: TBSM
A224: 222 | B224: MSB24-02-231 | C224: GINANJAR WISNU KAWIRYAN | D224: BANTUL | E224: 16-09-2008 | F224: L | G224: ANTON SUKIRNO | H224: PNS | I224: KRESEN | J224: 6 | K224: 0 | L224: BANTUL | M224: BANTUL | N224: BANTUL | O224: DIY | P224: MTS N 4 BANTUL | Q224: 087838895654 | R224: 081228212607 | S224: TBSM
A225: 223 | B225: MSB24-02-232 | C225: VAVIAN DAVA YUGANTHA | D225: BANTUL | E225: 6-12-2008 | F225: L | G225: Candra Wirawan | H225: WIRASWASTA | I225: NGENTAK | J225: 1 | L225: MURTIGADING | M225: SANDEN | N225: BANTUL | O225: DIY | P225: SMP N 1 SANDEN | Q225: 081904199929 | R225: 082127899919 | S225: TKR
A226: 224 | B226: MSB24-02-233 | C226: FADHLI PRATAMA PUTRA | D226: BANTUL | E226: 10-02-2009 | F226: L | G226: Uci Rambono | H226: BURUH | I226: SAMBENG 1 | J226: 01 | K226: - | L226: PONCOSARI | M226: SRANDAKAN | N226: BANTUL | O226: DIY | P226: SMP N 2 SRANDAKAN | Q226: +62 882-0066-31299 | R226: 088215695917 | S226: TBSM
A227: 225 | B227: MSB24-02-234 | C227: MUHAMMAD RIF'AN ZAIDAN AZRA | D227: BANTUL | E227: 29-04-2009 | F227: L | G227: DANUN | H227: KARYAWAN SWASTA | I227: WEDUSAN | J227: 4 | K227: - | L227: MURTIGADING | M227: SANDEN | N227: BANTUL | O227: DIY | P227: SMP N 1 SANDEN | Q227: 083867150505 | R227: 083867150505 | S227: TBSM
A228: 226 | B228: MSB24-02-235 | C228: IQBAL ABRAR WICAKSONO | D228: BANTUL | E228: 15-10-2008 | F228: L | G228: RINI ASTUTI | H228: IRT | I228: SEMAIL | J228: 2 | K228: 0 | L228: BANGUNHARJO | M228: SEWON | N228: BANTUL | O228: DIY | P228: SMP MUHAMMADIYAH 9 YOGYAKARTA | Q228: 089636700122 | R228: 08989228699 | S228: TBSM
A229: 227 | B229: MSB24-02-236 | C229: MUHAMMAD RAIHAN | D229: TANGERANG | E229: 5-10-2008 | F229: L | G229: PONIYEM | H229: IRT | I229: CABEYAN | J229: 5 | K229: 0 | L229: PANGGUNGHARJO | M229: SEWON | N229: BANTUL | O229: DIY | P229: SMP N 3 SEWON | Q229: 081384091435 | R229: 081384091435 | S229: TBSM
A230: 228 | B230: MSB24-02-237 | C230: ACHMAD DAFFA PUTRA SAMUDRA | D230: SLEMAN | E230: 14-06-2008 | F230: L | G230: Umi asry | H230: BURUH | I230: GROGOL 7 | J230: 03 | L230: PARANGTRITIS | M230: KRETEK | N230: BANTUL | O230: DIY | P230: SMP N 2 KRETEK | Q230: 085641198611 | R230: 085641198611 | S230: TKR
A231: 229 | B231: MSB24-02-238 | C231: NAAFI ARYA FEBRIAN | D231: BANTUL | E231: 3-02-2009 | F231: L | G231: Gunarto | H231: WIRASWASTA | I231: SELO | J231: 05 | L231: SIDOMULYO | M231: BAMBANGLIPURO | N231: BANTUL | O231: DIY | P231: SMP N 2 BAMBANGLIPURO | Q231: 087838708661 | R231: 0882006215191 | S231: TKR
A232: 230 | B232: MSB24-02-239 | C232: RAMA PANDU NUGROHO | D232: KULON PROGO | E232: 26-09-2008 | F232: L | G232: Miskiren/waljiyem | H232: BURUH | I232: KALIWIRU | J232: 20 | K232: 10 | L232: TUKSONO | M232: SENTOLO | N232: KULON PROGO | O232: DIY | P232: SMP MUHAMMADIYAH 2 LENDAH | Q232: 0859160016687 | R232: 085729973662 | S232: TBSM
A233: 231 | B233: MSB24-02-240 | C233: ATHAYA NAQA RIFAI | D233: BANTUL | E233: 24-05-2008 | F233: L | G233: TRIYATNO | H233: WIRASWASTA | I233: KALIMUNDU | J233: 02 | L233: GADINGHARJO | M233: SANDEN | N233: BANTUL | O233: DIY | P233: SMP N 1 SRANDAKAN | Q233: 081578828979 | R233: 082137208309 | S233: TKR
A234: 232 | B234: MSB24-02-242 | C234: NOVENDRA RIZKI ANGGARA | D234: GUNUNGKIDUL | E234: 28-11-2008 | F234: L | G234: Dwi yuniastuti | H234: IRT | I234: sanden DK. XV | J234: 02 | L234: MURTIGADING | M234: SANDEN | N234: BANTUL | O234: DIY | P234: SMP N 2 SANDEN | Q234: 085793374213 | R234: 085869668077 | S234: TKR
...
